target,treatment,well,on_buscar_scores,off_buscar_scores,is_reference_distance,iteration
healthy_DMSO,failing-drug_x,B09,0.9696471535933096,0.4603174603174603,false,0
healthy_DMSO,healthy-TGFRi,E07,0.8737525115103812,0.0,false,0
healthy_DMSO,healthy-drug_x,C03,0.9182943737561959,0.3333333333333333,false,0
healthy_DMSO,healthy-drug_x,C09,0.9220911047945409,0.38095238095238093,false,0
healthy_DMSO,healthy-drug_x,C06,0.9026326823049594,0.31746031746031744,false,0
healthy_DMSO,failing-drug_x,D09,0.9885234755901094,0.6349206349206349,false,0
healthy_DMSO,failing-TGFRi,B10,0.8619320102628042,0.3333333333333333,false,0
healthy_DMSO,failing-TGFRi,B07,0.9378292285899484,0.2698412698412698,false,0
healthy_DMSO,failing-drug_x,D06,0.9566834545123724,0.5555555555555556,false,0
healthy_DMSO,healthy-TGFRi,E10,0.8060571185953229,0.4126984126984127,false,0
healthy_DMSO,failing-TGFRi,D07,1.075983196200173,0.42857142857142855,false,0
healthy_DMSO,failing-drug_x,B06,0.9428893177915676,0.4603174603174603,false,0
healthy_DMSO,healthy-drug_x,E09,1.1437968054010514,0.36507936507936506,false,0
healthy_DMSO,healthy-TGFRi,C10,0.7601786705375515,0.2222222222222222,false,0
healthy_DMSO,failing-drug_x,D03,0.9532498189387457,0.5714285714285714,false,0
healthy_DMSO,failing-drug_x,B03,0.9348848642151948,0.49206349206349204,false,0
healthy_DMSO,healthy-TGFRi,C04,0.7799877447255097,0.20634920634920634,false,0
healthy_DMSO,healthy-TGFRi,E04,0.9183875411746432,0.0,false,0
healthy_DMSO,healthy-drug_x,E03,1.05899267583465,0.5396825396825397,false,0
healthy_DMSO,,,1.0,0.0,true,0
healthy_DMSO,healthy-TGFRi,C07,0.765394854914844,0.2698412698412698,false,0
healthy_DMSO,failing-TGFRi,D04,0.9406289885734151,0.4603174603174603,false,0
healthy_DMSO,failing-TGFRi,B04,0.8896398399057197,0.14285714285714285,false,0
healthy_DMSO,failing-TGFRi,D10,0.9199142729399705,0.3968253968253968,false,0
healthy_DMSO,healthy-drug_x,E06,1.0706998636850888,0.5555555555555556,false,0
healthy_DMSO,failing-drug_x,D03,0.9700562430553329,0.48148148148148145,false,1
healthy_DMSO,failing-TGFRi,B10,0.8778208725540753,0.24074074074074073,false,1
healthy_DMSO,healthy-TGFRi,C04,0.7968333555500307,0.14814814814814814,false,1
healthy_DMSO,failing-TGFRi,B07,0.953307005992443,0.2777777777777778,false,1
healthy_DMSO,healthy-TGFRi,E07,0.8884727910961973,0.0,false,1
healthy_DMSO,failing-drug_x,B06,0.9581893208556272,0.37037037037037035,false,1
healthy_DMSO,failing-TGFRi,D07,1.092279528896685,0.46296296296296297,false,1
healthy_DMSO,healthy-drug_x,E03,1.0763771714665404,0.5925925925925926,false,1
healthy_DMSO,healthy-TGFRi,E10,0.8206518099639262,0.42592592592592593,false,1
healthy_DMSO,failing-drug_x,B09,0.9844593457669112,0.3333333333333333,false,1
healthy_DMSO,failing-drug_x,B03,0.951296621756212,0.4444444444444444,false,1
healthy_DMSO,failing-TGFRi,B04,0.9046069022898863,0.018518518518518517,false,1
healthy_DMSO,healthy-TGFRi,C07,0.78103244848279,0.12962962962962962,false,1
healthy_DMSO,failing-TGFRi,D04,0.95651563471227,0.4444444444444444,false,1
healthy_DMSO,healthy-drug_x,C03,0.9344852271780842,0.3333333333333333,false,1
healthy_DMSO,,,0.9999999999999999,0.0,true,1
healthy_DMSO,healthy-TGFRi,C10,0.7737882247430404,0.18518518518518517,false,1
healthy_DMSO,healthy-drug_x,C06,0.9182632790820004,0.3148148148148148,false,1
healthy_DMSO,healthy-drug_x,C09,0.937281200824413,0.3333333333333333,false,1
healthy_DMSO,healthy-drug_x,E09,1.160553334292285,0.37037037037037035,false,1
healthy_DMSO,failing-drug_x,D09,1.0068805918920503,0.6111111111111112,false,1
healthy_DMSO,failing-drug_x,D06,0.9743457174757866,0.48148148148148145,false,1
healthy_DMSO,failing-TGFRi,D10,0.9363073722802083,0.3148148148148148,false,1
healthy_DMSO,healthy-TGFRi,E04,0.9333985721540148,0.0,false,1
healthy_DMSO,healthy-drug_x,E06,1.0876340054954936,0.6111111111111112,false,1
healthy_DMSO,failing-TGFRi,D04,0.966953893315624,0.33962264150943394,false,2
healthy_DMSO,failing-drug_x,B06,0.9724449413023408,0.3584905660377358,false,2
healthy_DMSO,healthy-TGFRi,C04,0.8054940885682189,0.11320754716981132,false,2
healthy_DMSO,failing-drug_x,B09,0.999331997964149,0.37735849056603776,false,2
healthy_DMSO,failing-TGFRi,D07,1.1046868149407045,0.3584905660377358,false,2
healthy_DMSO,,,0.9999999999999999,0.0,true,2
healthy_DMSO,healthy-drug_x,E03,1.0920447383064202,0.5283018867924528,false,2
healthy_DMSO,healthy-TGFRi,C07,0.7885216344632431,0.11320754716981132,false,2
healthy_DMSO,failing-drug_x,B03,0.964176804189918,0.4339622641509434,false,2
healthy_DMSO,healthy-TGFRi,E07,0.898780032461895,0.0,false,2
healthy_DMSO,failing-drug_x,D03,0.9829037385025086,0.4716981132075472,false,2
healthy_DMSO,failing-TGFRi,B07,0.9642192771813639,0.18867924528301888,false,2
healthy_DMSO,healthy-drug_x,E09,1.1767811788190987,0.33962264150943394,false,2
healthy_DMSO,healthy-drug_x,E06,1.102283932579063,0.4716981132075472,false,2
healthy_DMSO,failing-TGFRi,D10,0.947496963230635,0.2830188679245283,false,2
healthy_DMSO,healthy-drug_x,C03,0.9468520761002922,0.33962264150943394,false,2
healthy_DMSO,failing-drug_x,D09,1.0208066968941385,0.5283018867924528,false,2
healthy_DMSO,healthy-TGFRi,E04,0.9439663746307208,0.0,false,2
healthy_DMSO,failing-TGFRi,B04,0.9160186381468267,0.018867924528301886,false,2
healthy_DMSO,healthy-drug_x,C06,0.9296817345662762,0.24528301886792453,false,2
healthy_DMSO,healthy-drug_x,C09,0.9500118769189281,0.24528301886792453,false,2
healthy_DMSO,healthy-TGFRi,C10,0.7833930569153201,0.11320754716981132,false,2
healthy_DMSO,failing-drug_x,D06,0.9884596005914633,0.4716981132075472,false,2
healthy_DMSO,failing-TGFRi,B10,0.8871882166366607,0.16981132075471697,false,2
healthy_DMSO,healthy-TGFRi,E10,0.830375664059795,0.41509433962264153,false,2
healthy_DMSO,failing-TGFRi,D04,0.9528665242128925,0.38181818181818183,false,3
healthy_DMSO,healthy-TGFRi,C10,0.7708871712318414,0.16363636363636364,false,3
healthy_DMSO,healthy-drug_x,E03,1.0744754242178824,0.5636363636363636,false,3
healthy_DMSO,failing-drug_x,B09,0.9804833722594929,0.43636363636363634,false,3
healthy_DMSO,healthy-TGFRi,C07,0.7753697990782644,0.10909090909090909,false,3
healthy_DMSO,failing-TGFRi,D07,1.0885211061454254,0.38181818181818183,false,3
healthy_DMSO,healthy-TGFRi,E10,0.8176822494332404,0.4,false,3
healthy_DMSO,healthy-TGFRi,C04,0.791839984759311,0.14545454545454545,false,3
healthy_DMSO,healthy-drug_x,C03,0.9313029725767251,0.32727272727272727,false,3
healthy_DMSO,failing-TGFRi,B04,0.9025129071600391,0.01818181818181818,false,3
healthy_DMSO,healthy-drug_x,E09,1.1588910543769377,0.36363636363636365,false,3
healthy_DMSO,failing-drug_x,D09,1.002304823126605,0.6,false,3
healthy_DMSO,failing-drug_x,D06,0.9703256008144325,0.5272727272727272,false,3
healthy_DMSO,failing-drug_x,D03,0.9655441527426704,0.5454545454545454,false,3
healthy_DMSO,healthy-drug_x,C09,0.9347618161926751,0.34545454545454546,false,3
healthy_DMSO,failing-drug_x,B06,0.9542934765937731,0.4909090909090909,false,3
healthy_DMSO,healthy-TGFRi,E04,0.9289938795629138,0.0,false,3
healthy_DMSO,healthy-drug_x,E06,1.0844355215696428,0.5454545454545454,false,3
healthy_DMSO,,,1.0,0.0,true,3
healthy_DMSO,healthy-TGFRi,E07,0.8846201709102721,0.0,false,3
healthy_DMSO,healthy-drug_x,C06,0.9152219613809078,0.2545454545454545,false,3
healthy_DMSO,failing-TGFRi,D10,0.9331046607733658,0.2545454545454545,false,3
healthy_DMSO,failing-drug_x,B03,0.946729242503182,0.509090909090909,false,3
healthy_DMSO,failing-TGFRi,B07,0.9504759356016871,0.18181818181818182,false,3
healthy_DMSO,failing-TGFRi,B10,0.8733937808185236,0.2,false,3
healthy_DMSO,failing-TGFRi,B04,0.9092665027557236,0.08333333333333333,false,4
healthy_DMSO,healthy-drug_x,E06,1.0926892374485004,0.6,false,4
healthy_DMSO,healthy-TGFRi,C07,0.7817981126954365,0.15,false,4
healthy_DMSO,healthy-TGFRi,C10,0.7774252703621493,0.2,false,4
healthy_DMSO,failing-drug_x,D09,1.009931955365018,0.6666666666666666,false,4
healthy_DMSO,healthy-drug_x,C03,0.9378935458470539,0.38333333333333336,false,4
healthy_DMSO,failing-drug_x,D06,0.9776492096491176,0.5333333333333333,false,4
healthy_DMSO,failing-TGFRi,B10,0.8802785503241104,0.3333333333333333,false,4
healthy_DMSO,failing-drug_x,B06,0.9619243218381889,0.43333333333333335,false,4
healthy_DMSO,healthy-TGFRi,E07,0.8902633770779517,0.0,false,4
healthy_DMSO,failing-TGFRi,D10,0.9408775581512396,0.36666666666666664,false,4
healthy_DMSO,,,1.0,0.0,true,4
healthy_DMSO,healthy-drug_x,C06,0.9226300249525249,0.35,false,4
healthy_DMSO,healthy-drug_x,C09,0.9414646002639981,0.4166666666666667,false,4
healthy_DMSO,healthy-TGFRi,C04,0.79811508121164,0.21666666666666667,false,4
healthy_DMSO,failing-drug_x,B09,0.9881209723912563,0.4166666666666667,false,4
healthy_DMSO,healthy-TGFRi,E04,0.9368809466495426,0.0,false,4
healthy_DMSO,healthy-TGFRi,E10,0.8242083399528175,0.38333333333333336,false,4
healthy_DMSO,failing-drug_x,B03,0.9541315742551212,0.5,false,4
healthy_DMSO,failing-TGFRi,D07,1.0974774666118157,0.43333333333333335,false,4
healthy_DMSO,healthy-drug_x,E09,1.1661325271211174,0.4166666666666667,false,4
healthy_DMSO,healthy-drug_x,E03,1.0802799391202667,0.6166666666666667,false,4
healthy_DMSO,failing-drug_x,D03,0.9728658341670247,0.6,false,4
healthy_DMSO,failing-TGFRi,B07,0.9554710104920797,0.2833333333333333,false,4
healthy_DMSO,failing-TGFRi,D04,0.9602355860685737,0.38333333333333336,false,4
healthy_DMSO,healthy-drug_x,E06,1.0754204432092762,0.66,false,5
healthy_DMSO,healthy-drug_x,C03,0.9262052602569315,0.38,false,5
healthy_DMSO,failing-TGFRi,D10,0.9281837148663357,0.26,false,5
healthy_DMSO,failing-TGFRi,D04,0.9473755450167067,0.4,false,5
healthy_DMSO,failing-drug_x,B03,0.9417032695429132,0.52,false,5
healthy_DMSO,healthy-TGFRi,E10,0.8147379965658019,0.46,false,5
healthy_DMSO,failing-drug_x,D09,0.9949640040136148,0.62,false,5
healthy_DMSO,failing-TGFRi,B04,0.8977886456533264,0.06,false,5
healthy_DMSO,,,1.0,0.0,true,5
healthy_DMSO,failing-TGFRi,B10,0.870603295194314,0.3,false,5
healthy_DMSO,healthy-drug_x,C09,0.929256003561767,0.4,false,5
healthy_DMSO,failing-drug_x,D03,0.9599431353392036,0.56,false,5
healthy_DMSO,healthy-TGFRi,C10,0.7685075947153849,0.18,false,5
healthy_DMSO,healthy-drug_x,E09,1.1491820334939864,0.46,false,5
healthy_DMSO,failing-TGFRi,D07,1.0814777671594495,0.4,false,5
healthy_DMSO,failing-drug_x,D06,0.9644042477204281,0.5,false,5
healthy_DMSO,failing-drug_x,B06,0.9497120560424532,0.42,false,5
healthy_DMSO,failing-TGFRi,B07,0.9452485422427875,0.28,false,5
healthy_DMSO,healthy-TGFRi,C07,0.7751165867401508,0.12,false,5
healthy_DMSO,healthy-drug_x,C06,0.9108150579721513,0.3,false,5
healthy_DMSO,healthy-TGFRi,E07,0.8793462704435764,0.0,false,5
healthy_DMSO,healthy-drug_x,E03,1.0665650711196373,0.6,false,5
healthy_DMSO,healthy-TGFRi,C04,0.7908069764649787,0.14,false,5
healthy_DMSO,failing-drug_x,B09,0.9753289016810409,0.38,false,5
healthy_DMSO,healthy-TGFRi,E04,0.9259387924520401,0.0,false,5
healthy_DMSO,healthy-TGFRi,C04,0.7986717555775229,0.17543859649122806,false,6
healthy_DMSO,failing-drug_x,D06,0.9739147211382774,0.543859649122807,false,6
healthy_DMSO,healthy-TGFRi,E07,0.8931677732621169,0.0,false,6
healthy_DMSO,,,1.0,0.0,true,6
healthy_DMSO,failing-drug_x,D09,1.004118511664007,0.7017543859649122,false,6
healthy_DMSO,healthy-drug_x,E03,1.0824120951691611,0.6140350877192983,false,6
healthy_DMSO,healthy-drug_x,C09,0.9425625029089474,0.42105263157894735,false,6
healthy_DMSO,healthy-TGFRi,E10,0.8250858190570394,0.40350877192982454,false,6
healthy_DMSO,failing-TGFRi,B10,0.8810231753430342,0.24561403508771928,false,6
healthy_DMSO,failing-TGFRi,D04,0.9597749925050472,0.2982456140350877,false,6
healthy_DMSO,healthy-TGFRi,E04,0.9382101356100622,0.0,false,6
healthy_DMSO,failing-drug_x,B06,0.9625049958670296,0.47368421052631576,false,6
healthy_DMSO,healthy-TGFRi,C10,0.7778543907041179,0.21052631578947367,false,6
healthy_DMSO,healthy-drug_x,C03,0.9384583629757061,0.40350877192982454,false,6
healthy_DMSO,failing-TGFRi,B04,0.9084948029038221,0.10526315789473684,false,6
healthy_DMSO,healthy-drug_x,E09,1.167360790676253,0.42105263157894735,false,6
healthy_DMSO,failing-drug_x,D03,0.9710105108671268,0.631578947368421,false,6
healthy_DMSO,healthy-TGFRi,C07,0.7835555421595529,0.22807017543859648,false,6
healthy_DMSO,failing-TGFRi,B07,0.9560114597158017,0.2982456140350877,false,6
healthy_DMSO,failing-drug_x,B03,0.9546844506227671,0.5614035087719298,false,6
healthy_DMSO,failing-drug_x,B09,0.9880108319793184,0.45614035087719296,false,6
healthy_DMSO,healthy-drug_x,C06,0.9231651830710661,0.40350877192982454,false,6
healthy_DMSO,healthy-drug_x,E06,1.092188737038883,0.5964912280701754,false,6
healthy_DMSO,failing-TGFRi,D10,0.9394935338349255,0.2982456140350877,false,6
healthy_DMSO,failing-TGFRi,D07,1.0963911993614834,0.40350877192982454,false,6
healthy_DMSO,failing-TGFRi,B07,0.9443404402346726,0.25,false,7
healthy_DMSO,failing-drug_x,B09,0.9728034334221164,0.39285714285714285,false,7
healthy_DMSO,failing-drug_x,D03,0.9580452298317977,0.5,false,7
healthy_DMSO,healthy-drug_x,E03,1.0651293568597957,0.6071428571428571,false,7
healthy_DMSO,healthy-TGFRi,E07,0.8772394482822456,0.0,false,7
healthy_DMSO,healthy-drug_x,C03,0.9241498736725161,0.39285714285714285,false,7
healthy_DMSO,healthy-TGFRi,E04,0.922974146988616,0.0,false,7
healthy_DMSO,failing-drug_x,B06,0.9472077759558244,0.4107142857142857,false,7
healthy_DMSO,failing-TGFRi,B10,0.8680771674180174,0.3392857142857143,false,7
healthy_DMSO,healthy-drug_x,E09,1.1490846546009017,0.4107142857142857,false,7
healthy_DMSO,healthy-drug_x,E06,1.0765252467160402,0.6428571428571429,false,7
healthy_DMSO,failing-drug_x,D06,0.9633295309934385,0.5178571428571429,false,7
healthy_DMSO,healthy-drug_x,C06,0.9079025083813507,0.32142857142857145,false,7
healthy_DMSO,,,1.0,0.0,true,7
healthy_DMSO,healthy-TGFRi,C04,0.7869429410501246,0.19642857142857142,false,7
healthy_DMSO,healthy-TGFRi,C10,0.766629692780689,0.19642857142857142,false,7
healthy_DMSO,healthy-TGFRi,E10,0.8126633854198501,0.4107142857142857,false,7
healthy_DMSO,failing-TGFRi,D10,0.9273263824643218,0.30357142857142855,false,7
healthy_DMSO,healthy-drug_x,C09,0.9285341096598452,0.42857142857142855,false,7
healthy_DMSO,healthy-TGFRi,C07,0.771011615673426,0.14285714285714285,false,7
healthy_DMSO,failing-drug_x,B03,0.9393368125267098,0.4642857142857143,false,7
healthy_DMSO,failing-TGFRi,D07,1.0816252959418136,0.4107142857142857,false,7
healthy_DMSO,failing-TGFRi,B04,0.8964451392175764,0.05357142857142857,false,7
healthy_DMSO,failing-drug_x,D09,0.9947154994811247,0.6071428571428571,false,7
healthy_DMSO,failing-TGFRi,D04,0.9465724806014715,0.4642857142857143,false,7
healthy_DMSO,failing-TGFRi,D04,0.9351022122610142,0.3137254901960784,false,8
healthy_DMSO,failing-TGFRi,B04,0.8871642915340802,0.058823529411764705,false,8
healthy_DMSO,healthy-TGFRi,C07,0.7652661486598331,0.11764705882352941,false,8
healthy_DMSO,failing-drug_x,D06,0.9555707317092735,0.5098039215686274,false,8
healthy_DMSO,failing-drug_x,B09,0.967207194059325,0.37254901960784315,false,8
healthy_DMSO,healthy-drug_x,C06,0.9010658039938406,0.29411764705882354,false,8
healthy_DMSO,failing-TGFRi,D07,1.0681561856734705,0.37254901960784315,false,8
healthy_DMSO,healthy-TGFRi,C04,0.7809753819378035,0.09803921568627451,false,8
healthy_DMSO,failing-drug_x,D09,0.9864580976135655,0.6078431372549019,false,8
healthy_DMSO,failing-TGFRi,B07,0.9323617065548923,0.23529411764705882,false,8
healthy_DMSO,,,1.0,0.0,true,8
healthy_DMSO,failing-drug_x,B06,0.9415275395600651,0.37254901960784315,false,8
healthy_DMSO,healthy-drug_x,E03,1.0543251712885817,0.5882352941176471,false,8
healthy_DMSO,healthy-drug_x,E06,1.064173179245434,0.5686274509803921,false,8
healthy_DMSO,failing-drug_x,D03,0.9509351243301232,0.49019607843137253,false,8
healthy_DMSO,failing-TGFRi,D10,0.9154715931677717,0.29411764705882354,false,8
healthy_DMSO,healthy-drug_x,C03,0.9165071343337866,0.35294117647058826,false,8
healthy_DMSO,failing-drug_x,B03,0.9329539182200733,0.47058823529411764,false,8
healthy_DMSO,healthy-TGFRi,E10,0.8051070397108908,0.43137254901960786,false,8
healthy_DMSO,healthy-TGFRi,E07,0.8688120499750694,0.0,false,8
healthy_DMSO,healthy-TGFRi,C10,0.7591270998285105,0.17647058823529413,false,8
healthy_DMSO,healthy-TGFRi,E04,0.913806128719981,0.0,false,8
healthy_DMSO,healthy-drug_x,E09,1.1362506695276575,0.35294117647058826,false,8
healthy_DMSO,healthy-drug_x,C09,0.9193262919179667,0.37254901960784315,false,8
healthy_DMSO,failing-TGFRi,B10,0.8586479145400155,0.23529411764705882,false,8
healthy_DMSO,failing-drug_x,B09,0.9720008195611577,0.4482758620689655,false,9
healthy_DMSO,healthy-drug_x,E09,1.1468519358398293,0.46551724137931033,false,9
healthy_DMSO,healthy-drug_x,C09,0.9261776563361835,0.39655172413793105,false,9
healthy_DMSO,healthy-TGFRi,C10,0.7654079628583267,0.1724137931034483,false,9
healthy_DMSO,failing-TGFRi,B07,0.9407143211114528,0.29310344827586204,false,9
healthy_DMSO,failing-TGFRi,D07,1.079413388576953,0.4482758620689655,false,9
healthy_DMSO,failing-drug_x,B03,0.9395573318627208,0.5517241379310345,false,9
healthy_DMSO,healthy-drug_x,E03,1.063952290081699,0.6724137931034483,false,9
healthy_DMSO,healthy-drug_x,E06,1.0736207668353743,0.6379310344827587,false,9
healthy_DMSO,,,1.0,0.0,true,9
healthy_DMSO,failing-drug_x,B06,0.9464625909443048,0.43103448275862066,false,9
healthy_DMSO,failing-drug_x,D06,0.9613488341298072,0.5,false,9
healthy_DMSO,failing-TGFRi,B04,0.8943797604272632,0.10344827586206896,false,9
healthy_DMSO,healthy-TGFRi,C07,0.769085419006216,0.20689655172413793,false,9
healthy_DMSO,failing-TGFRi,D10,0.9257498378324451,0.3275862068965517,false,9
healthy_DMSO,healthy-TGFRi,E07,0.876444658876282,0.0,false,9
healthy_DMSO,healthy-TGFRi,C04,0.7853075589150311,0.1896551724137931,false,9
healthy_DMSO,failing-TGFRi,D04,0.9453250230771113,0.39655172413793105,false,9
healthy_DMSO,healthy-drug_x,C03,0.9223766823621612,0.41379310344827586,false,9
healthy_DMSO,healthy-TGFRi,E04,0.9214163715536218,0.0,false,9
healthy_DMSO,failing-drug_x,D09,0.9925479159651557,0.6896551724137931,false,9
healthy_DMSO,healthy-drug_x,C06,0.9068486306613452,0.3448275862068966,false,9
healthy_DMSO,failing-TGFRi,B10,0.8667170855190705,0.3620689655172414,false,9
healthy_DMSO,failing-drug_x,D03,0.9571691357431088,0.5689655172413793,false,9
healthy_DMSO,healthy-TGFRi,E10,0.8113440365911766,0.3793103448275862,false,9
healthy_DMSO,healthy-TGFRi,C10,0.7703157184568474,0.1206896551724138,false,10
healthy_DMSO,healthy-drug_x,E06,1.0848310098829044,0.5517241379310345,false,10
healthy_DMSO,healthy-drug_x,E09,1.1601578990241015,0.3793103448275862,false,10
healthy_DMSO,,,1.0,0.0,true,10
healthy_DMSO,failing-TGFRi,B10,0.8721015160124608,0.25862068965517243,false,10
healthy_DMSO,healthy-TGFRi,C07,0.776084659399284,0.13793103448275862,false,10
healthy_DMSO,healthy-TGFRi,E04,0.9299551383969779,0.0,false,10
healthy_DMSO,healthy-drug_x,E03,1.0757893638595826,0.603448275862069,false,10
healthy_DMSO,failing-TGFRi,B04,0.9015835412998561,0.05172413793103448,false,10
healthy_DMSO,failing-drug_x,B03,0.9488107424870715,0.4482758620689655,false,10
healthy_DMSO,failing-TGFRi,D10,0.9320660898587192,0.25862068965517243,false,10
healthy_DMSO,failing-drug_x,D06,0.971634220986013,0.4827586206896552,false,10
healthy_DMSO,failing-TGFRi,D07,1.087772613438989,0.41379310344827586,false,10
healthy_DMSO,failing-drug_x,B06,0.9564695213705037,0.39655172413793105,false,10
healthy_DMSO,failing-drug_x,D09,1.0037642512031317,0.6379310344827587,false,10
healthy_DMSO,healthy-drug_x,C09,0.9354207592631111,0.3275862068965517,false,10
healthy_DMSO,healthy-drug_x,C06,0.9156861512477199,0.29310344827586204,false,10
healthy_DMSO,healthy-TGFRi,E10,0.8170642857651659,0.43103448275862066,false,10
healthy_DMSO,healthy-drug_x,C03,0.9317245084887125,0.3275862068965517,false,10
healthy_DMSO,failing-TGFRi,B07,0.947356715403192,0.25862068965517243,false,10
healthy_DMSO,failing-drug_x,B09,0.98202838393186,0.41379310344827586,false,10
healthy_DMSO,failing-drug_x,D03,0.9677526684885704,0.5172413793103449,false,10
healthy_DMSO,failing-TGFRi,D04,0.9520803202210435,0.3103448275862069,false,10
healthy_DMSO,healthy-TGFRi,C04,0.7920701516150516,0.10344827586206896,false,10
healthy_DMSO,healthy-TGFRi,E07,0.8842316324868718,0.0,false,10
healthy_DMSO,healthy-drug_x,C03,0.9240779210807992,0.35294117647058826,false,11
healthy_DMSO,failing-drug_x,B09,0.972815536850354,0.35294117647058826,false,11
healthy_DMSO,healthy-TGFRi,E04,0.9245423908103131,0.0,false,11
healthy_DMSO,failing-TGFRi,D04,0.9469668708177968,0.39215686274509803,false,11
healthy_DMSO,healthy-TGFRi,C07,0.7736886994078213,0.13725490196078433,false,11
healthy_DMSO,healthy-drug_x,E03,1.0645465547074497,0.6078431372549019,false,11
healthy_DMSO,failing-drug_x,D09,0.9938807845890182,0.6274509803921569,false,11
healthy_DMSO,healthy-TGFRi,E10,0.8125268308016774,0.45098039215686275,false,11
healthy_DMSO,failing-TGFRi,B04,0.8961070288012598,0.0392156862745098,false,11
healthy_DMSO,failing-drug_x,B06,0.9474850576943641,0.39215686274509803,false,11
healthy_DMSO,healthy-TGFRi,C04,0.7891240184309951,0.11764705882352941,false,11
healthy_DMSO,healthy-drug_x,E06,1.074985757598446,0.5294117647058824,false,11
healthy_DMSO,failing-drug_x,D06,0.9629663960468552,0.47058823529411764,false,11
healthy_DMSO,failing-TGFRi,B07,0.9442131885704957,0.29411764705882354,false,11
healthy_DMSO,healthy-TGFRi,C10,0.7671375031266497,0.19607843137254902,false,11
healthy_DMSO,failing-TGFRi,D07,1.0817277300805708,0.45098039215686275,false,11
healthy_DMSO,failing-drug_x,D03,0.9578948239088955,0.49019607843137253,false,11
healthy_DMSO,failing-drug_x,B03,0.9400633270657667,0.45098039215686275,false,11
healthy_DMSO,failing-TGFRi,B10,0.8695225659171488,0.29411764705882354,false,11
healthy_DMSO,healthy-drug_x,C06,0.9083752335587902,0.29411764705882354,false,11
healthy_DMSO,healthy-drug_x,C09,0.9282480616272418,0.3333333333333333,false,11
healthy_DMSO,,,0.9999999999999999,0.0,true,11
healthy_DMSO,healthy-drug_x,E09,1.1478619263981271,0.39215686274509803,false,11
healthy_DMSO,failing-TGFRi,D10,0.9276666269054318,0.2549019607843137,false,11
healthy_DMSO,healthy-TGFRi,E07,0.8788986147061109,0.0,false,11
healthy_DMSO,,,1.0,0.0,true,12
healthy_DMSO,failing-drug_x,D06,0.9837034120247137,0.46296296296296297,false,12
healthy_DMSO,failing-drug_x,B06,0.9678110778125305,0.3888888888888889,false,12
healthy_DMSO,failing-drug_x,D09,1.0163669408102016,0.6111111111111112,false,12
healthy_DMSO,healthy-TGFRi,C10,0.7807006583457959,0.09259259259259259,false,12
healthy_DMSO,healthy-TGFRi,E07,0.8943258925592241,0.0,false,12
healthy_DMSO,failing-drug_x,B03,0.9593424686903972,0.46296296296296297,false,12
healthy_DMSO,healthy-TGFRi,E10,0.8274425056143017,0.4074074074074074,false,12
healthy_DMSO,healthy-drug_x,C09,0.9456312728884098,0.3888888888888889,false,12
healthy_DMSO,failing-drug_x,B09,0.9936069995037754,0.35185185185185186,false,12
healthy_DMSO,healthy-TGFRi,E04,0.9411709399259186,0.0,false,12
healthy_DMSO,healthy-TGFRi,C07,0.7873539723419082,0.09259259259259259,false,12
healthy_DMSO,healthy-TGFRi,C04,0.8038098717413181,0.09259259259259259,false,12
healthy_DMSO,healthy-drug_x,E09,1.1713562669551278,0.37037037037037035,false,12
healthy_DMSO,healthy-drug_x,C03,0.9420374737905991,0.35185185185185186,false,12
healthy_DMSO,failing-TGFRi,B10,0.8836137349966181,0.24074074074074073,false,12
healthy_DMSO,healthy-drug_x,E06,1.0966280298761102,0.5740740740740741,false,12
healthy_DMSO,failing-TGFRi,B04,0.9126216888261737,0.05555555555555555,false,12
healthy_DMSO,healthy-drug_x,C06,0.9258614353862471,0.24074074074074073,false,12
healthy_DMSO,failing-drug_x,D03,0.9787810284859437,0.5,false,12
healthy_DMSO,failing-TGFRi,B07,0.9604111571923454,0.3148148148148148,false,12
healthy_DMSO,failing-TGFRi,D04,0.9628615232458975,0.3888888888888889,false,12
healthy_DMSO,healthy-drug_x,E03,1.0869491307368357,0.5925925925925926,false,12
healthy_DMSO,failing-TGFRi,D07,1.0997905070965865,0.42592592592592593,false,12
healthy_DMSO,failing-TGFRi,D10,0.9434071536021774,0.25925925925925924,false,12
healthy_DMSO,failing-drug_x,D09,0.998425111441537,0.5882352941176471,false,13
healthy_DMSO,healthy-TGFRi,C07,0.7756512975289392,0.11764705882352941,false,13
healthy_DMSO,healthy-TGFRi,E10,0.8141422041480879,0.47058823529411764,false,13
healthy_DMSO,healthy-drug_x,C09,0.9304238193441016,0.3333333333333333,false,13
healthy_DMSO,failing-drug_x,B09,0.9780453651338487,0.35294117647058826,false,13
healthy_DMSO,healthy-TGFRi,C04,0.7909281971200155,0.09803921568627451,false,13
healthy_DMSO,failing-drug_x,B06,0.9522757591022865,0.37254901960784315,false,13
healthy_DMSO,healthy-drug_x,E06,1.0783602604318931,0.5686274509803921,false,13
healthy_DMSO,failing-TGFRi,D04,0.9491340136269897,0.39215686274509803,false,13
healthy_DMSO,failing-drug_x,B03,0.9441377797980777,0.45098039215686275,false,13
healthy_DMSO,failing-TGFRi,B04,0.8986033017747512,0.0196078431372549,false,13
healthy_DMSO,healthy-TGFRi,C10,0.7686414383564552,0.1568627450980392,false,13
healthy_DMSO,failing-drug_x,D06,0.9661965831413668,0.45098039215686275,false,13
healthy_DMSO,failing-TGFRi,B07,0.9466173423953133,0.23529411764705882,false,13
healthy_DMSO,healthy-drug_x,C06,0.9114431522615366,0.19607843137254902,false,13
healthy_DMSO,healthy-drug_x,E09,1.1513446788000956,0.35294117647058826,false,13
healthy_DMSO,failing-TGFRi,B10,0.8709449879099311,0.21568627450980393,false,13
healthy_DMSO,healthy-drug_x,C03,0.9273571273169059,0.23529411764705882,false,13
healthy_DMSO,healthy-TGFRi,E04,0.9268351369554861,0.0,false,13
healthy_DMSO,healthy-drug_x,E03,1.0686472556616506,0.5098039215686274,false,13
healthy_DMSO,failing-TGFRi,D10,0.9294782305685493,0.19607843137254902,false,13
healthy_DMSO,healthy-TGFRi,E07,0.8822258595591649,0.0,false,13
healthy_DMSO,failing-TGFRi,D07,1.0835293946903142,0.37254901960784315,false,13
healthy_DMSO,failing-drug_x,D03,0.9623033177253845,0.47058823529411764,false,13
healthy_DMSO,,,0.9999999999999999,0.0,true,13
healthy_DMSO,healthy-TGFRi,C07,0.7789669019879166,0.21568627450980393,false,14
healthy_DMSO,healthy-TGFRi,E07,0.8852541189502975,0.0196078431372549,false,14
healthy_DMSO,failing-TGFRi,D10,0.9339405952248849,0.37254901960784315,false,14
healthy_DMSO,healthy-drug_x,C06,0.9151894015917408,0.29411764705882354,false,14
healthy_DMSO,failing-TGFRi,D04,0.9540817926556063,0.43137254901960786,false,14
healthy_DMSO,failing-TGFRi,D07,1.0898163091689985,0.45098039215686275,false,14
healthy_DMSO,failing-TGFRi,B04,0.9015133078747455,0.0784313725490196,false,14
healthy_DMSO,healthy-TGFRi,C04,0.7949646388204166,0.1568627450980392,false,14
healthy_DMSO,healthy-drug_x,E03,1.073885116628528,0.5294117647058824,false,14
healthy_DMSO,failing-drug_x,B06,0.9540947628677457,0.47058823529411764,false,14
healthy_DMSO,healthy-TGFRi,C10,0.7725549169675593,0.21568627450980393,false,14
healthy_DMSO,,,1.0,0.0,true,14
healthy_DMSO,healthy-TGFRi,E04,0.93176388967159,0.0,false,14
healthy_DMSO,failing-drug_x,B09,0.9797710515604193,0.45098039215686275,false,14
healthy_DMSO,healthy-drug_x,E09,1.1565788328372475,0.37254901960784315,false,14
healthy_DMSO,failing-drug_x,B03,0.9458031969354469,0.5686274509803921,false,14
healthy_DMSO,healthy-drug_x,C09,0.9346101270793417,0.3333333333333333,false,14
healthy_DMSO,failing-TGFRi,B10,0.8760656546498335,0.3333333333333333,false,14
healthy_DMSO,healthy-TGFRi,E10,0.8189779893356132,0.39215686274509803,false,14
healthy_DMSO,healthy-drug_x,E06,1.0842721082842914,0.5490196078431373,false,14
healthy_DMSO,failing-drug_x,D09,1.003281069882047,0.6274509803921569,false,14
healthy_DMSO,failing-TGFRi,B07,0.9521734436899297,0.2549019607843137,false,14
healthy_DMSO,failing-drug_x,D06,0.9713053938469208,0.5098039215686274,false,14
healthy_DMSO,healthy-drug_x,C03,0.9313296674653786,0.35294117647058826,false,14
healthy_DMSO,failing-drug_x,D03,0.9646307979218006,0.6078431372549019,false,14
healthy_DMSO,healthy-drug_x,C06,0.9071608086490381,0.24,false,15
healthy_DMSO,failing-TGFRi,B04,0.8933272940133149,0.06,false,15
healthy_DMSO,healthy-TGFRi,C07,0.7723793997318301,0.1,false,15
healthy_DMSO,failing-TGFRi,D10,0.925005063674598,0.26,false,15
healthy_DMSO,failing-drug_x,D06,0.9633238816767227,0.44,false,15
healthy_DMSO,healthy-TGFRi,E04,0.9227334371946475,0.0,false,15
healthy_DMSO,failing-TGFRi,D07,1.0793504703640349,0.38,false,15
healthy_DMSO,healthy-TGFRi,E10,0.8118056225135007,0.38,false,15
healthy_DMSO,failing-TGFRi,B07,0.9428011568357038,0.22,false,15
healthy_DMSO,failing-drug_x,B06,0.946691649706639,0.4,false,15
healthy_DMSO,healthy-TGFRi,C04,0.7881554495382709,0.08,false,15
healthy_DMSO,failing-drug_x,B09,0.9727712612439162,0.38,false,15
healthy_DMSO,failing-TGFRi,D04,0.9444496982612584,0.34,false,15
healthy_DMSO,healthy-TGFRi,C10,0.7655893729582681,0.06,false,15
healthy_DMSO,healthy-TGFRi,E07,0.8768240253704327,0.02,false,15
healthy_DMSO,failing-drug_x,D03,0.9567804311189996,0.5,false,15
healthy_DMSO,failing-TGFRi,B10,0.8679780764682918,0.2,false,15
healthy_DMSO,,,0.9999999999999999,0.0,true,15
healthy_DMSO,failing-drug_x,B03,0.9380101859036682,0.48,false,15
healthy_DMSO,failing-drug_x,D09,0.994163364318421,0.6,false,15
healthy_DMSO,healthy-drug_x,C09,0.9263870670847317,0.32,false,15
healthy_DMSO,healthy-drug_x,C03,0.922750344396935,0.32,false,15
healthy_DMSO,healthy-drug_x,E03,1.0638339667538816,0.52,false,15
healthy_DMSO,healthy-drug_x,E06,1.0739936412668412,0.56,false,15
healthy_DMSO,healthy-drug_x,E09,1.1456445618227782,0.36,false,15
healthy_DMSO,failing-TGFRi,B10,0.8547141836672233,0.21052631578947367,false,16
healthy_DMSO,healthy-TGFRi,C07,0.7605404158402034,0.12280701754385964,false,16
healthy_DMSO,healthy-TGFRi,C10,0.7546556946888674,0.19298245614035087,false,16
healthy_DMSO,failing-drug_x,B09,0.9623591774544225,0.38596491228070173,false,16
healthy_DMSO,failing-TGFRi,B07,0.9290401124004463,0.21052631578947367,false,16
healthy_DMSO,failing-drug_x,D06,0.9486852255012309,0.47368421052631576,false,16
healthy_DMSO,healthy-TGFRi,C04,0.7756429775994806,0.14035087719298245,false,16
healthy_DMSO,healthy-drug_x,E09,1.1340643969238415,0.38596491228070173,false,16
healthy_DMSO,healthy-TGFRi,E10,0.8002173263683808,0.42105263157894735,false,16
healthy_DMSO,healthy-TGFRi,E07,0.8671771017359262,0.0,false,16
healthy_DMSO,healthy-drug_x,C09,0.9138229056470769,0.3333333333333333,false,16
healthy_DMSO,failing-TGFRi,D10,0.9124061339278786,0.2807017543859649,false,16
healthy_DMSO,failing-drug_x,D03,0.9448815299124983,0.543859649122807,false,16
healthy_DMSO,healthy-drug_x,C06,0.8957487158882246,0.22807017543859648,false,16
healthy_DMSO,healthy-drug_x,E06,1.0621380344828084,0.543859649122807,false,16
healthy_DMSO,failing-drug_x,B06,0.9356765594328912,0.43859649122807015,false,16
healthy_DMSO,failing-TGFRi,D04,0.9322446022601747,0.3684210526315789,false,16
healthy_DMSO,failing-drug_x,B03,0.9285099671571795,0.49122807017543857,false,16
healthy_DMSO,healthy-drug_x,E03,1.0523673420920352,0.5789473684210527,false,16
healthy_DMSO,failing-TGFRi,B04,0.8820013448719931,0.10526315789473684,false,16
healthy_DMSO,failing-TGFRi,D07,1.0660899943915412,0.3684210526315789,false,16
healthy_DMSO,,,0.9999999999999999,0.0,true,16
healthy_DMSO,healthy-drug_x,C03,0.9124240634651537,0.22807017543859648,false,16
healthy_DMSO,healthy-TGFRi,E04,0.913023899866527,0.0,false,16
healthy_DMSO,failing-drug_x,D09,0.9808059318968311,0.5964912280701754,false,16
healthy_DMSO,healthy-TGFRi,C04,0.7842781457036718,0.11666666666666667,false,17
healthy_DMSO,failing-TGFRi,D04,0.9438851667070776,0.4,false,17
healthy_DMSO,failing-TGFRi,D10,0.9237109143253537,0.2833333333333333,false,17
healthy_DMSO,failing-drug_x,D03,0.9570104477920133,0.48333333333333334,false,17
healthy_DMSO,failing-TGFRi,B04,0.8922419231369648,0.05,false,17
healthy_DMSO,healthy-drug_x,E09,1.1489275355889332,0.35,false,17
healthy_DMSO,healthy-drug_x,C06,0.9061354398462306,0.21666666666666667,false,17
healthy_DMSO,failing-drug_x,B03,0.9375209880289851,0.43333333333333335,false,17
healthy_DMSO,failing-TGFRi,D07,1.0794320670835038,0.4166666666666667,false,17
healthy_DMSO,failing-TGFRi,B10,0.8651037351970358,0.18333333333333332,false,17
healthy_DMSO,failing-drug_x,B06,0.9449680766334422,0.4,false,17
healthy_DMSO,healthy-TGFRi,C07,0.7688622639600571,0.15,false,17
healthy_DMSO,healthy-drug_x,C03,0.9219042630953416,0.3,false,17
healthy_DMSO,healthy-TGFRi,E07,0.8761855793009871,0.0,false,17
healthy_DMSO,healthy-drug_x,E03,1.064708594272032,0.4666666666666667,false,17
healthy_DMSO,,,1.0,0.0,true,17
healthy_DMSO,healthy-drug_x,E06,1.074265933871659,0.5166666666666667,false,17
healthy_DMSO,failing-drug_x,B09,0.9712842817939679,0.4,false,17
healthy_DMSO,healthy-drug_x,C09,0.9260290672324396,0.2833333333333333,false,17
healthy_DMSO,failing-drug_x,D06,0.9623390832868713,0.4666666666666667,false,17
healthy_DMSO,failing-drug_x,D09,0.9945608220828324,0.5833333333333334,false,17
healthy_DMSO,healthy-TGFRi,E10,0.8076723773212354,0.45,false,17
healthy_DMSO,failing-TGFRi,B07,0.9409731036222954,0.23333333333333334,false,17
healthy_DMSO,healthy-TGFRi,C10,0.76231454208654,0.18333333333333332,false,17
healthy_DMSO,healthy-TGFRi,E04,0.9228809460576927,0.0,false,17
healthy_DMSO,,,0.9999999999999999,0.0,true,18
healthy_DMSO,failing-drug_x,B06,0.9421253710408335,0.43859649122807015,false,18
healthy_DMSO,failing-drug_x,B03,0.9342923837655652,0.49122807017543857,false,18
healthy_DMSO,healthy-drug_x,C06,0.9024404238340046,0.2982456140350877,false,18
healthy_DMSO,healthy-TGFRi,E04,0.9205042682218124,0.0,false,18
healthy_DMSO,healthy-drug_x,E09,1.1426805345224063,0.3333333333333333,false,18
healthy_DMSO,healthy-TGFRi,E10,0.8064526043614304,0.3157894736842105,false,18
healthy_DMSO,failing-TGFRi,D07,1.0740847895361887,0.43859649122807015,false,18
healthy_DMSO,failing-drug_x,D06,0.9576317207073819,0.47368421052631576,false,18
healthy_DMSO,failing-TGFRi,B10,0.8615686784959458,0.3508771929824561,false,18
healthy_DMSO,healthy-TGFRi,E07,0.8726689599448911,0.0,false,18
healthy_DMSO,failing-TGFRi,D04,0.9393152003801483,0.45614035087719296,false,18
healthy_DMSO,healthy-TGFRi,C07,0.7657375301126637,0.15789473684210525,false,18
healthy_DMSO,healthy-TGFRi,C10,0.7604443814793308,0.19298245614035087,false,18
healthy_DMSO,failing-TGFRi,D10,0.919271578523614,0.3333333333333333,false,18
healthy_DMSO,failing-drug_x,D09,0.9898962283170439,0.6140350877192983,false,18
healthy_DMSO,healthy-TGFRi,C04,0.7805918871150046,0.17543859649122806,false,18
healthy_DMSO,healthy-drug_x,C09,0.9225095042638777,0.38596491228070173,false,18
healthy_DMSO,healthy-drug_x,E03,1.0596239586761569,0.5263157894736842,false,18
healthy_DMSO,failing-drug_x,B09,0.9687696650730767,0.43859649122807015,false,18
healthy_DMSO,failing-TGFRi,B04,0.8885110118931933,0.07017543859649122,false,18
healthy_DMSO,failing-drug_x,D03,0.9528970348000354,0.5614035087719298,false,18
healthy_DMSO,healthy-drug_x,E06,1.0685353687419146,0.6140350877192983,false,18
healthy_DMSO,healthy-drug_x,C03,0.918578860595349,0.3508771929824561,false,18
healthy_DMSO,failing-TGFRi,B07,0.9366057450352501,0.2982456140350877,false,18
healthy_DMSO,failing-TGFRi,B07,0.9529994236526553,0.24074074074074073,false,19
healthy_DMSO,failing-TGFRi,D10,0.934757702835216,0.2777777777777778,false,19
healthy_DMSO,healthy-TGFRi,E04,0.9320024944771932,0.0,false,19
healthy_DMSO,failing-drug_x,D03,0.9681821807541626,0.5740740740740741,false,19
healthy_DMSO,failing-TGFRi,D07,1.0918526402023254,0.4074074074074074,false,19
healthy_DMSO,failing-TGFRi,D04,0.9556043037788093,0.37037037037037035,false,19
healthy_DMSO,healthy-drug_x,C06,0.9176106066900597,0.2962962962962963,false,19
healthy_DMSO,failing-drug_x,B09,0.984141473560178,0.3888888888888889,false,19
healthy_DMSO,failing-TGFRi,B04,0.904125182877336,0.0,false,19
healthy_DMSO,healthy-drug_x,E09,1.1593877518814515,0.35185185185185186,false,19
healthy_DMSO,healthy-TGFRi,C04,0.7953845881690366,0.14814814814814814,false,19
healthy_DMSO,healthy-TGFRi,C10,0.7732508707855922,0.12962962962962962,false,19
healthy_DMSO,healthy-drug_x,C03,0.9334027239945109,0.3148148148148148,false,19
healthy_DMSO,healthy-TGFRi,E07,0.8871456533786392,0.0,false,19
healthy_DMSO,healthy-TGFRi,C07,0.7797134253281264,0.2222222222222222,false,19
healthy_DMSO,healthy-TGFRi,E10,0.819670443918137,0.35185185185185186,false,19
healthy_DMSO,failing-drug_x,B03,0.9502794147914393,0.5,false,19
healthy_DMSO,healthy-drug_x,C09,0.936505625255088,0.37037037037037035,false,19
healthy_DMSO,failing-drug_x,B06,0.9567643903149186,0.42592592592592593,false,19
healthy_DMSO,,,1.0,0.0,true,19
healthy_DMSO,failing-TGFRi,B10,0.876694194734068,0.18518518518518517,false,19
healthy_DMSO,healthy-drug_x,E06,1.086074834092789,0.5370370370370371,false,19
healthy_DMSO,failing-drug_x,D06,0.9734094204860344,0.48148148148148145,false,19
healthy_DMSO,failing-drug_x,D09,1.0053569286437811,0.6296296296296297,false,19
healthy_DMSO,healthy-drug_x,E03,1.0758254623736623,0.5185185185185185,false,19
healthy_DMSO,healthy-drug_x,E03,1.0706437661263104,0.5208333333333334,false,20
healthy_DMSO,failing-TGFRi,B10,0.8734284627091493,0.22916666666666666,false,20
healthy_DMSO,healthy-TGFRi,C10,0.770580808709671,0.16666666666666666,false,20
healthy_DMSO,healthy-TGFRi,C07,0.7771620979284409,0.10416666666666667,false,20
healthy_DMSO,failing-TGFRi,D04,0.9505847484635259,0.2916666666666667,false,20
healthy_DMSO,failing-drug_x,D06,0.9670784744951919,0.4583333333333333,false,20
healthy_DMSO,failing-TGFRi,D07,1.085228855306073,0.375,false,20
healthy_DMSO,healthy-TGFRi,C04,0.792381669774539,0.10416666666666667,false,20
healthy_DMSO,healthy-drug_x,C09,0.9316903120738801,0.3333333333333333,false,20
healthy_DMSO,healthy-drug_x,C06,0.912608208497123,0.25,false,20
healthy_DMSO,failing-drug_x,B06,0.9537504488418983,0.4166666666666667,false,20
healthy_DMSO,healthy-drug_x,E06,1.0803122954904518,0.5416666666666666,false,20
healthy_DMSO,healthy-TGFRi,E07,0.8843832507389885,0.0,false,20
healthy_DMSO,failing-drug_x,D09,0.9993132097507784,0.6041666666666666,false,20
healthy_DMSO,failing-TGFRi,D10,0.9304718165012185,0.3125,false,20
healthy_DMSO,failing-TGFRi,B04,0.9006079122456316,0.0625,false,20
healthy_DMSO,healthy-drug_x,C03,0.9285563572627086,0.3125,false,20
healthy_DMSO,failing-drug_x,D03,0.9634541375219924,0.5,false,20
healthy_DMSO,healthy-TGFRi,E10,0.8168943012121106,0.3958333333333333,false,20
healthy_DMSO,failing-TGFRi,B07,0.9486618166514476,0.22916666666666666,false,20
healthy_DMSO,failing-drug_x,B03,0.9457566622564911,0.4583333333333333,false,20
healthy_DMSO,healthy-drug_x,E09,1.1520623670889032,0.3541666666666667,false,20
healthy_DMSO,,,1.0,0.0,true,20
healthy_DMSO,healthy-TGFRi,E04,0.9286234049210592,0.0,false,20
healthy_DMSO,failing-drug_x,B09,0.9803473216785205,0.3958333333333333,false,20
healthy_DMSO,failing-drug_x,B09,0.9805089347637651,0.40384615384615385,false,21
healthy_DMSO,failing-TGFRi,D04,0.9512916137964451,0.3076923076923077,false,21
healthy_DMSO,failing-drug_x,D03,0.9641364524452939,0.5,false,21
healthy_DMSO,healthy-TGFRi,E04,0.9302109928816872,0.0,false,21
healthy_DMSO,failing-drug_x,D06,0.9676838761058442,0.4807692307692308,false,21
healthy_DMSO,failing-TGFRi,B10,0.8731265769243985,0.21153846153846154,false,21
healthy_DMSO,failing-drug_x,B06,0.9540869271954391,0.38461538461538464,false,21
healthy_DMSO,healthy-TGFRi,E07,0.8858828870761103,0.0,false,21
healthy_DMSO,healthy-TGFRi,C04,0.7927867905899999,0.1346153846153846,false,21
healthy_DMSO,failing-TGFRi,B07,0.9487235386846069,0.23076923076923078,false,21
healthy_DMSO,healthy-TGFRi,C10,0.770857626845962,0.15384615384615385,false,21
healthy_DMSO,,,1.0,0.0,true,21
healthy_DMSO,healthy-drug_x,E06,1.0807608945696834,0.5769230769230769,false,21
healthy_DMSO,failing-TGFRi,D10,0.9316904354317116,0.25,false,21
healthy_DMSO,healthy-drug_x,E03,1.0716779918265669,0.5192307692307693,false,21
healthy_DMSO,healthy-drug_x,E09,1.1546756445687651,0.40384615384615385,false,21
healthy_DMSO,failing-TGFRi,D07,1.0863763452297481,0.36538461538461536,false,21
healthy_DMSO,healthy-TGFRi,C07,0.7773634451540395,0.21153846153846154,false,21
healthy_DMSO,healthy-drug_x,C09,0.9325681555328154,0.3076923076923077,false,21
healthy_DMSO,failing-drug_x,D09,0.9999838005001793,0.5961538461538461,false,21
healthy_DMSO,healthy-drug_x,C03,0.9296048201758387,0.3076923076923077,false,21
healthy_DMSO,healthy-drug_x,C06,0.9132462440661493,0.23076923076923078,false,21
healthy_DMSO,failing-TGFRi,B04,0.9011737289005921,0.057692307692307696,false,21
healthy_DMSO,failing-drug_x,B03,0.9458971053399702,0.4807692307692308,false,21
healthy_DMSO,healthy-TGFRi,E10,0.8171883054367163,0.4230769230769231,false,21
healthy_DMSO,healthy-drug_x,E09,1.1689322588280537,0.3090909090909091,false,22
healthy_DMSO,failing-TGFRi,B04,0.9080677941484357,0.07272727272727272,false,22
healthy_DMSO,healthy-TGFRi,E07,0.8908997924352631,0.0,false,22
healthy_DMSO,,,0.9999999999999999,0.0,true,22
healthy_DMSO,healthy-TGFRi,C04,0.7970340308157662,0.07272727272727272,false,22
healthy_DMSO,healthy-drug_x,C06,0.9218121074807678,0.2909090909090909,false,22
healthy_DMSO,failing-drug_x,D09,1.0124518246385328,0.5818181818181818,false,22
healthy_DMSO,failing-drug_x,B09,0.9903907596393461,0.41818181818181815,false,22
healthy_DMSO,failing-drug_x,B03,0.9562126379079455,0.4727272727272727,false,22
healthy_DMSO,failing-TGFRi,B07,0.9538740503490961,0.21818181818181817,false,22
healthy_DMSO,healthy-TGFRi,C10,0.7760964424623684,0.05454545454545454,false,22
healthy_DMSO,failing-drug_x,D03,0.9749455225448036,0.5454545454545454,false,22
healthy_DMSO,failing-drug_x,D06,0.9802219812218832,0.509090909090909,false,22
healthy_DMSO,failing-TGFRi,B10,0.878029942486894,0.2545454545454545,false,22
healthy_DMSO,failing-TGFRi,D10,0.9381180834246658,0.2545454545454545,false,22
healthy_DMSO,healthy-drug_x,E06,1.0935624426735049,0.509090909090909,false,22
healthy_DMSO,failing-drug_x,B06,0.9644053969556459,0.43636363636363634,false,22
healthy_DMSO,healthy-TGFRi,C07,0.7804679098153637,0.10909090909090909,false,22
healthy_DMSO,failing-TGFRi,D07,1.0946997523144222,0.43636363636363634,false,22
healthy_DMSO,healthy-drug_x,C03,0.9385165463600859,0.23636363636363636,false,22
healthy_DMSO,failing-TGFRi,D04,0.9568217644817048,0.2909090909090909,false,22
healthy_DMSO,healthy-drug_x,E03,1.0834350227572518,0.5272727272727272,false,22
healthy_DMSO,healthy-TGFRi,E10,0.8246324949985824,0.36363636363636365,false,22
healthy_DMSO,healthy-TGFRi,E04,0.9364042224999634,0.0,false,22
healthy_DMSO,healthy-drug_x,C09,0.9425704818815265,0.34545454545454546,false,22
healthy_DMSO,healthy-drug_x,C09,0.9355532229197883,0.24489795918367346,false,23
healthy_DMSO,healthy-TGFRi,E04,0.9318907846059277,0.0,false,23
healthy_DMSO,healthy-TGFRi,C07,0.7808087462052958,0.08163265306122448,false,23
healthy_DMSO,healthy-TGFRi,E10,0.8197380748377765,0.4489795918367347,false,23
healthy_DMSO,failing-drug_x,B03,0.9484391884018484,0.4489795918367347,false,23
healthy_DMSO,failing-TGFRi,B07,0.9515303684834595,0.1836734693877551,false,23
healthy_DMSO,failing-drug_x,B06,0.9565152309341596,0.40816326530612246,false,23
healthy_DMSO,failing-TGFRi,B04,0.9036679734828795,0.04081632653061224,false,23
healthy_DMSO,,,1.0,0.0,true,23
healthy_DMSO,failing-TGFRi,D04,0.9536269010154561,0.32653061224489793,false,23
healthy_DMSO,healthy-drug_x,C03,0.9319846754933256,0.30612244897959184,false,23
healthy_DMSO,failing-drug_x,D03,0.9667176512354974,0.4897959183673469,false,23
healthy_DMSO,healthy-drug_x,E09,1.15721898857592,0.3673469387755102,false,23
healthy_DMSO,failing-drug_x,D09,1.0042795678013434,0.6122448979591837,false,23
healthy_DMSO,healthy-TGFRi,E07,0.8865869308040527,0.0,false,23
healthy_DMSO,failing-TGFRi,B10,0.8763098050871404,0.16326530612244897,false,23
healthy_DMSO,healthy-drug_x,E03,1.07401606473927,0.5306122448979592,false,23
healthy_DMSO,healthy-drug_x,C06,0.9168546400065146,0.22448979591836735,false,23
healthy_DMSO,healthy-TGFRi,C04,0.7965826135111452,0.08163265306122448,false,23
healthy_DMSO,healthy-drug_x,E06,1.0835226116574297,0.5306122448979592,false,23
healthy_DMSO,healthy-TGFRi,C10,0.7735389580756094,0.16326530612244897,false,23
healthy_DMSO,failing-drug_x,B09,0.9826946201439252,0.3673469387755102,false,23
healthy_DMSO,failing-drug_x,D06,0.9729274641338264,0.4489795918367347,false,23
healthy_DMSO,failing-TGFRi,D07,1.0896903978464978,0.3877551020408163,false,23
healthy_DMSO,failing-TGFRi,D10,0.9346203003688115,0.24489795918367346,false,23
healthy_DMSO,failing-drug_x,D09,0.9941559733958616,0.6078431372549019,false,24
healthy_DMSO,healthy-TGFRi,C10,0.7663463174237758,0.19607843137254902,false,24
healthy_DMSO,failing-drug_x,B09,0.9744657781995555,0.39215686274509803,false,24
healthy_DMSO,healthy-TGFRi,E04,0.9243695836288094,0.0,false,24
healthy_DMSO,healthy-drug_x,C09,0.9264891749934043,0.3333333333333333,false,24
healthy_DMSO,healthy-TGFRi,E10,0.8128973995704702,0.43137254901960786,false,24
healthy_DMSO,healthy-drug_x,C03,0.9232870824446097,0.37254901960784315,false,24
healthy_DMSO,healthy-drug_x,E03,1.0639834021807661,0.6078431372549019,false,24
healthy_DMSO,failing-TGFRi,D04,0.9450288156876239,0.39215686274509803,false,24
healthy_DMSO,failing-drug_x,D03,0.9577926345945383,0.5686274509803921,false,24
healthy_DMSO,failing-TGFRi,D07,1.0796915354096661,0.43137254901960786,false,24
healthy_DMSO,failing-TGFRi,D10,0.9254668146000098,0.27450980392156865,false,24
healthy_DMSO,healthy-TGFRi,E07,0.8788886746622355,0.0,false,24
healthy_DMSO,healthy-drug_x,E09,1.1453440723445478,0.45098039215686275,false,24
healthy_DMSO,failing-drug_x,D06,0.962538110007979,0.49019607843137253,false,24
healthy_DMSO,healthy-drug_x,C06,0.9081844199973198,0.2549019607843137,false,24
healthy_DMSO,failing-TGFRi,B10,0.8678135553205456,0.19607843137254902,false,24
healthy_DMSO,healthy-drug_x,E06,1.0725530920418689,0.6078431372549019,false,24
healthy_DMSO,healthy-TGFRi,C04,0.7882780503117713,0.1568627450980392,false,24
healthy_DMSO,failing-drug_x,B03,0.9399588800276775,0.5098039215686274,false,24
healthy_DMSO,failing-TGFRi,B04,0.8955033401751343,0.058823529411764705,false,24
healthy_DMSO,failing-TGFRi,B07,0.9430170502344406,0.19607843137254902,false,24
healthy_DMSO,healthy-TGFRi,C07,0.772571996666992,0.11764705882352941,false,24
healthy_DMSO,failing-drug_x,B06,0.9481348779916355,0.4117647058823529,false,24
healthy_DMSO,,,1.0,0.0,true,24
healthy_DMSO,healthy-TGFRi,C10,0.7701701409560759,0.18867924528301888,false,25
healthy_DMSO,healthy-drug_x,C06,0.912388759783292,0.3018867924528302,false,25
healthy_DMSO,healthy-TGFRi,C04,0.7929210626894478,0.07547169811320754,false,25
healthy_DMSO,healthy-drug_x,E06,1.080839676318529,0.5094339622641509,false,25
healthy_DMSO,healthy-drug_x,C03,0.9284302108413227,0.33962264150943394,false,25
healthy_DMSO,failing-drug_x,D03,0.963996879920349,0.5471698113207547,false,25
healthy_DMSO,failing-TGFRi,D10,0.9318965256040698,0.20754716981132076,false,25
healthy_DMSO,failing-drug_x,B03,0.9458112075116036,0.4716981132075472,false,25
healthy_DMSO,healthy-TGFRi,E07,0.8831034066664234,0.0,false,25
healthy_DMSO,healthy-drug_x,E03,1.069834294209233,0.5849056603773585,false,25
healthy_DMSO,failing-TGFRi,B10,0.8728464795018066,0.18867924528301888,false,25
healthy_DMSO,healthy-TGFRi,C07,0.7764452550979766,0.09433962264150944,false,25
healthy_DMSO,failing-TGFRi,B04,0.9003039512891505,0.018867924528301886,false,25
healthy_DMSO,failing-drug_x,D06,0.9703110549818778,0.4528301886792453,false,25
healthy_DMSO,failing-drug_x,D09,1.0015068435900865,0.6226415094339622,false,25
healthy_DMSO,failing-TGFRi,D04,0.9506198662283778,0.3018867924528302,false,25
healthy_DMSO,failing-drug_x,B06,0.953000333959953,0.4339622641509434,false,25
healthy_DMSO,healthy-drug_x,C09,0.9317297053727251,0.3018867924528302,false,25
healthy_DMSO,healthy-TGFRi,E10,0.816171929090489,0.39622641509433965,false,25
healthy_DMSO,healthy-drug_x,E09,1.1536675891446628,0.39622641509433965,false,25
healthy_DMSO,,,1.0,0.0,true,25
healthy_DMSO,failing-drug_x,B09,0.9793890052152573,0.3584905660377358,false,25
healthy_DMSO,failing-TGFRi,D07,1.0873633414454285,0.3584905660377358,false,25
healthy_DMSO,healthy-TGFRi,E04,0.9287675886315009,0.0,false,25
healthy_DMSO,failing-TGFRi,B07,0.947737466745701,0.18867924528301888,false,25
healthy_DMSO,failing-TGFRi,B10,0.8691623088099554,0.3114754098360656,false,26
healthy_DMSO,failing-drug_x,B06,0.9501093825943366,0.5245901639344263,false,26
healthy_DMSO,failing-drug_x,B03,0.9425856715254181,0.5573770491803278,false,26
healthy_DMSO,failing-TGFRi,B07,0.9460373285170935,0.2786885245901639,false,26
healthy_DMSO,healthy-drug_x,C09,0.9300131728442743,0.3770491803278688,false,26
healthy_DMSO,healthy-drug_x,E03,1.0686085638617322,0.5245901639344263,false,26
healthy_DMSO,healthy-TGFRi,E07,0.8806251041977123,0.0,false,26
healthy_DMSO,failing-TGFRi,D07,1.085929391688183,0.4262295081967213,false,26
healthy_DMSO,failing-drug_x,D03,0.9614813412173453,0.6065573770491803,false,26
healthy_DMSO,healthy-TGFRi,E04,0.9242998278902834,0.0,false,26
healthy_DMSO,healthy-TGFRi,E10,0.8132954078529809,0.39344262295081966,false,26
healthy_DMSO,healthy-drug_x,C03,0.9250441141048192,0.39344262295081966,false,26
healthy_DMSO,failing-TGFRi,B04,0.896827990177857,0.04918032786885246,false,26
healthy_DMSO,failing-drug_x,D06,0.9664983589430576,0.5573770491803278,false,26
healthy_DMSO,healthy-TGFRi,C04,0.7882904802395521,0.08196721311475409,false,26
healthy_DMSO,healthy-TGFRi,C10,0.7660018158766386,0.22950819672131148,false,26
healthy_DMSO,,,1.0,0.0,true,26
healthy_DMSO,healthy-drug_x,E09,1.1531061555135305,0.4098360655737705,false,26
healthy_DMSO,healthy-drug_x,C06,0.9094796831020284,0.3442622950819672,false,26
healthy_DMSO,failing-drug_x,B09,0.9759828615394206,0.4426229508196721,false,26
healthy_DMSO,failing-drug_x,D09,0.9985471247510678,0.6065573770491803,false,26
healthy_DMSO,healthy-TGFRi,C07,0.7712917849736026,0.13114754098360656,false,26
healthy_DMSO,failing-TGFRi,D10,0.9289308702874546,0.3114754098360656,false,26
healthy_DMSO,failing-TGFRi,D04,0.9493667014314132,0.47540983606557374,false,26
healthy_DMSO,healthy-drug_x,E06,1.0784114484868308,0.5573770491803278,false,26
healthy_DMSO,healthy-TGFRi,E04,0.9299347364525871,0.0,false,27
healthy_DMSO,failing-TGFRi,B10,0.8767131508642491,0.2222222222222222,false,27
healthy_DMSO,failing-TGFRi,B04,0.9037449496689739,0.044444444444444446,false,27
healthy_DMSO,failing-drug_x,B03,0.9490026800666709,0.4666666666666667,false,27
healthy_DMSO,failing-drug_x,D09,1.0031279466355194,0.5555555555555556,false,27
healthy_DMSO,failing-drug_x,B06,0.957470109448359,0.28888888888888886,false,27
healthy_DMSO,healthy-drug_x,E06,1.0825877672142534,0.5333333333333333,false,27
healthy_DMSO,,,1.0,0.0,true,27
healthy_DMSO,healthy-TGFRi,C07,0.7795497983061233,0.08888888888888889,false,27
healthy_DMSO,failing-drug_x,D03,0.9667119013908767,0.4666666666666667,false,27
healthy_DMSO,healthy-drug_x,C09,0.9354865276095188,0.3333333333333333,false,27
healthy_DMSO,healthy-TGFRi,C10,0.7742865567713331,0.08888888888888889,false,27
healthy_DMSO,healthy-TGFRi,E10,0.8205959195698037,0.4666666666666667,false,27
healthy_DMSO,healthy-drug_x,E03,1.073084852251068,0.4666666666666667,false,27
healthy_DMSO,failing-TGFRi,D10,0.9346704768134727,0.2,false,27
healthy_DMSO,healthy-TGFRi,E07,0.8868954454268044,0.0,false,27
healthy_DMSO,failing-TGFRi,B07,0.9511067606136743,0.3111111111111111,false,27
healthy_DMSO,failing-TGFRi,D04,0.95401976920473,0.3111111111111111,false,27
healthy_DMSO,failing-TGFRi,D07,1.0873987914384882,0.4,false,27
healthy_DMSO,healthy-drug_x,C06,0.9154884060659901,0.28888888888888886,false,27
healthy_DMSO,failing-drug_x,B09,0.9832324148309736,0.35555555555555557,false,27
healthy_DMSO,failing-drug_x,D06,0.9727510235637746,0.4888888888888889,false,27
healthy_DMSO,healthy-drug_x,C03,0.931679129778746,0.3333333333333333,false,27
healthy_DMSO,healthy-drug_x,E09,1.1555174729109754,0.35555555555555557,false,27
healthy_DMSO,healthy-TGFRi,C04,0.7967081395474505,0.06666666666666667,false,27
healthy_DMSO,healthy-TGFRi,E07,0.8731839620668504,0.0,false,28
healthy_DMSO,failing-drug_x,D06,0.9589627491688887,0.4642857142857143,false,28
healthy_DMSO,failing-drug_x,D03,0.9535494348841667,0.48214285714285715,false,28
healthy_DMSO,failing-drug_x,D09,0.9901687321354157,0.5892857142857143,false,28
healthy_DMSO,healthy-TGFRi,C07,0.766291347272573,0.10714285714285714,false,28
healthy_DMSO,healthy-drug_x,E03,1.0581222492529339,0.5892857142857143,false,28
healthy_DMSO,,,0.9999999999999999,0.0,true,28
healthy_DMSO,healthy-drug_x,E09,1.1414260248086945,0.44642857142857145,false,28
healthy_DMSO,healthy-drug_x,E06,1.0696098988742353,0.5535714285714286,false,28
healthy_DMSO,failing-drug_x,B03,0.9354385089818128,0.48214285714285715,false,28
healthy_DMSO,healthy-drug_x,C09,0.9221267392599123,0.3392857142857143,false,28
healthy_DMSO,failing-TGFRi,D04,0.9409036692265581,0.35714285714285715,false,28
healthy_DMSO,healthy-TGFRi,E04,0.9164627439941025,0.0,false,28
healthy_DMSO,failing-drug_x,B09,0.9688230652320261,0.39285714285714285,false,28
healthy_DMSO,failing-TGFRi,D10,0.9216926506971513,0.26785714285714285,false,28
healthy_DMSO,healthy-TGFRi,E10,0.8076381337924384,0.39285714285714285,false,28
healthy_DMSO,healthy-TGFRi,C04,0.7823919767939553,0.125,false,28
healthy_DMSO,healthy-TGFRi,C10,0.7614569717912945,0.19642857142857142,false,28
healthy_DMSO,healthy-drug_x,C06,0.9027626012326987,0.30357142857142855,false,28
healthy_DMSO,healthy-drug_x,C03,0.918114623162383,0.375,false,28
healthy_DMSO,failing-TGFRi,B10,0.8626707115062751,0.23214285714285715,false,28
healthy_DMSO,failing-drug_x,B06,0.9435980563303006,0.35714285714285715,false,28
healthy_DMSO,failing-TGFRi,D07,1.0759368586534235,0.4107142857142857,false,28
healthy_DMSO,failing-TGFRi,B04,0.8916149835755803,0.03571428571428571,false,28
healthy_DMSO,failing-TGFRi,B07,0.9380280023140916,0.2857142857142857,false,28
healthy_DMSO,failing-TGFRi,D07,1.0766265151705157,0.34545454545454546,false,29
healthy_DMSO,failing-drug_x,B06,0.9467682052815549,0.43636363636363634,false,29
healthy_DMSO,failing-drug_x,D03,0.9568572228386925,0.4909090909090909,false,29
healthy_DMSO,healthy-TGFRi,C07,0.7677675426660877,0.05454545454545454,false,29
healthy_DMSO,healthy-TGFRi,E07,0.8744265150744889,0.0,false,29
healthy_DMSO,failing-drug_x,B09,0.9724745874766689,0.4,false,29
healthy_DMSO,failing-TGFRi,B10,0.8641281581359127,0.21818181818181817,false,29
healthy_DMSO,failing-drug_x,D09,0.9936150098988784,0.6181818181818182,false,29
healthy_DMSO,healthy-drug_x,E09,1.14735194289402,0.38181818181818183,false,29
healthy_DMSO,failing-TGFRi,B07,0.939786964955102,0.23636363636363636,false,29
healthy_DMSO,healthy-TGFRi,C10,0.7630490710674961,0.16363636363636364,false,29
healthy_DMSO,healthy-drug_x,C03,0.921885529377046,0.2,false,29
healthy_DMSO,failing-TGFRi,B04,0.8927909099672926,0.09090909090909091,false,29
healthy_DMSO,healthy-drug_x,E03,1.0645691967831883,0.509090909090909,false,29
healthy_DMSO,failing-drug_x,B03,0.9381679666771472,0.509090909090909,false,29
healthy_DMSO,failing-TGFRi,D10,0.9227429550278762,0.23636363636363636,false,29
healthy_DMSO,healthy-TGFRi,C04,0.7836838089989551,0.07272727272727272,false,29
healthy_DMSO,,,1.0,0.0,true,29
healthy_DMSO,healthy-drug_x,C09,0.9254307475807979,0.32727272727272727,false,29
healthy_DMSO,healthy-TGFRi,E04,0.9190411806132803,0.0,false,29
healthy_DMSO,failing-drug_x,D06,0.9616640575149251,0.4909090909090909,false,29
healthy_DMSO,healthy-drug_x,E06,1.0735896368255922,0.5272727272727272,false,29
healthy_DMSO,healthy-TGFRi,E10,0.8096718384414084,0.38181818181818183,false,29
healthy_DMSO,failing-TGFRi,D04,0.9422014156784889,0.3090909090909091,false,29
healthy_DMSO,healthy-drug_x,C06,0.9059038969926335,0.21818181818181817,false,29
healthy_DMSO,healthy-TGFRi,E10,0.8210071364373399,0.4074074074074074,false,30
healthy_DMSO,failing-TGFRi,B04,0.9038247764452333,0.09259259259259259,false,30
healthy_DMSO,failing-drug_x,D06,0.9748401894210545,0.5,false,30
healthy_DMSO,healthy-TGFRi,C10,0.7742263186380378,0.18518518518518517,false,30
healthy_DMSO,failing-TGFRi,B07,0.9524209837062243,0.2222222222222222,false,30
healthy_DMSO,healthy-drug_x,C03,0.9348088850425116,0.3333333333333333,false,30
healthy_DMSO,healthy-drug_x,C06,0.9177746472637954,0.2962962962962963,false,30
healthy_DMSO,failing-drug_x,B03,0.950660931529867,0.42592592592592593,false,30
healthy_DMSO,failing-drug_x,B09,0.9852984184528336,0.42592592592592593,false,30
healthy_DMSO,failing-TGFRi,B10,0.8770637148879309,0.18518518518518517,false,30
healthy_DMSO,failing-TGFRi,D07,1.0898310778309435,0.4074074074074074,false,30
healthy_DMSO,healthy-TGFRi,C07,0.7803822850700426,0.1111111111111111,false,30
healthy_DMSO,healthy-TGFRi,C04,0.7962327762654334,0.18518518518518517,false,30
healthy_DMSO,healthy-TGFRi,E04,0.9337340987180681,0.0,false,30
healthy_DMSO,healthy-drug_x,E06,1.0889455554534888,0.5555555555555556,false,30
healthy_DMSO,failing-TGFRi,D04,0.9534704402914148,0.3333333333333333,false,30
healthy_DMSO,failing-drug_x,B06,0.9591760348559442,0.42592592592592593,false,30
healthy_DMSO,,,0.9999999999999999,0.0,true,30
healthy_DMSO,failing-drug_x,D09,1.0069399318316243,0.6296296296296297,false,30
healthy_DMSO,healthy-drug_x,C09,0.9372733584221243,0.3333333333333333,false,30
healthy_DMSO,healthy-TGFRi,E07,0.8869598361819198,0.0,false,30
healthy_DMSO,healthy-drug_x,E03,1.078595273483509,0.5925925925925926,false,30
healthy_DMSO,failing-TGFRi,D10,0.9341829394486835,0.3148148148148148,false,30
healthy_DMSO,failing-drug_x,D03,0.9688856453066236,0.5,false,30
healthy_DMSO,healthy-drug_x,E09,1.1622994055176248,0.3888888888888889,false,30
healthy_DMSO,failing-TGFRi,B10,0.8670785099162515,0.30303030303030304,false,31
healthy_DMSO,failing-drug_x,B06,0.9467853488979396,0.4696969696969697,false,31
healthy_DMSO,failing-TGFRi,D04,0.9469052167252878,0.3939393939393939,false,31
healthy_DMSO,healthy-drug_x,E06,1.079367077072889,0.5151515151515151,false,31
healthy_DMSO,healthy-drug_x,E09,1.154727114671115,0.4090909090909091,false,31
healthy_DMSO,healthy-TGFRi,E07,0.8787996888003867,0.0,false,31
healthy_DMSO,healthy-TGFRi,C10,0.7631432657472439,0.19696969696969696,false,31
healthy_DMSO,failing-drug_x,D06,0.9641294688022161,0.48484848484848486,false,31
healthy_DMSO,failing-drug_x,B03,0.9400384752745281,0.48484848484848486,false,31
healthy_DMSO,failing-TGFRi,B07,0.943265639427396,0.24242424242424243,false,31
healthy_DMSO,failing-drug_x,D09,0.9965166853472626,0.6060606060606061,false,31
healthy_DMSO,healthy-drug_x,E03,1.0687188082061085,0.5757575757575758,false,31
healthy_DMSO,failing-TGFRi,B04,0.8946190731911884,0.030303030303030304,false,31
healthy_DMSO,failing-drug_x,D03,0.9595087378209057,0.5,false,31
healthy_DMSO,healthy-drug_x,C09,0.9285006485406335,0.3484848484848485,false,31
healthy_DMSO,failing-drug_x,B09,0.9738583781557687,0.4393939393939394,false,31
healthy_DMSO,healthy-TGFRi,C07,0.766677017087046,0.21212121212121213,false,31
healthy_DMSO,healthy-drug_x,C06,0.9082445732763296,0.3181818181818182,false,31
healthy_DMSO,failing-TGFRi,D07,1.0837341430117444,0.45454545454545453,false,31
healthy_DMSO,healthy-TGFRi,E10,0.8107817219781517,0.3787878787878788,false,31
healthy_DMSO,healthy-TGFRi,C04,0.7824176516673389,0.15151515151515152,false,31
healthy_DMSO,healthy-drug_x,C03,0.924742296877204,0.3484848484848485,false,31
healthy_DMSO,,,0.9999999999999999,0.0,true,31
healthy_DMSO,healthy-TGFRi,E04,0.9231532006973793,0.0,false,31
healthy_DMSO,failing-TGFRi,D10,0.9261983822935052,0.2878787878787879,false,31
healthy_DMSO,failing-TGFRi,B07,0.950021992444396,0.29310344827586204,false,32
healthy_DMSO,failing-drug_x,B09,0.9833467425907119,0.3448275862068966,false,32
healthy_DMSO,failing-TGFRi,B04,0.9015796144261385,0.05172413793103448,false,32
healthy_DMSO,healthy-drug_x,C09,0.9356085831047689,0.3275862068965517,false,32
healthy_DMSO,failing-TGFRi,D04,0.9525288036413326,0.39655172413793105,false,32
healthy_DMSO,healthy-TGFRi,C04,0.7923481916461302,0.08620689655172414,false,32
healthy_DMSO,healthy-drug_x,E09,1.1606888517018317,0.3103448275862069,false,32
healthy_DMSO,healthy-TGFRi,C07,0.7766066836624981,0.1206896551724138,false,32
healthy_DMSO,failing-TGFRi,D07,1.0890234922380928,0.41379310344827586,false,32
healthy_DMSO,healthy-drug_x,E03,1.076318132318339,0.5,false,32
healthy_DMSO,failing-drug_x,D03,0.9682971828233661,0.46551724137931033,false,32
healthy_DMSO,failing-TGFRi,D10,0.9318788982626345,0.25862068965517243,false,32
healthy_DMSO,healthy-TGFRi,E04,0.9302753281774042,0.0,false,32
healthy_DMSO,failing-drug_x,B03,0.948495178558176,0.4482758620689655,false,32
healthy_DMSO,healthy-drug_x,E06,1.0863166909868793,0.5172413793103449,false,32
healthy_DMSO,failing-TGFRi,B10,0.8738405168457838,0.22413793103448276,false,32
healthy_DMSO,healthy-TGFRi,E10,0.817149340078171,0.41379310344827586,false,32
healthy_DMSO,failing-drug_x,D06,0.9725095917347428,0.4827586206896552,false,32
healthy_DMSO,failing-drug_x,B06,0.9567838280439286,0.3793103448275862,false,32
healthy_DMSO,healthy-drug_x,C06,0.9152034139894155,0.25862068965517243,false,32
healthy_DMSO,healthy-TGFRi,C10,0.7705049146108771,0.08620689655172414,false,32
healthy_DMSO,healthy-TGFRi,E07,0.8843694355986922,0.0,false,32
healthy_DMSO,healthy-drug_x,C03,0.9318478338543271,0.25862068965517243,false,32
healthy_DMSO,failing-drug_x,D09,1.0052906701663369,0.5862068965517241,false,32
healthy_DMSO,,,1.0,0.0,true,32
healthy_DMSO,healthy-drug_x,C06,0.9158663371271614,0.33962264150943394,false,33
healthy_DMSO,failing-drug_x,B03,0.9489038664203068,0.4716981132075472,false,33
healthy_DMSO,failing-TGFRi,B07,0.9510847306716121,0.22641509433962265,false,33
healthy_DMSO,failing-TGFRi,D04,0.9534838440691763,0.3584905660377358,false,33
healthy_DMSO,,,1.0,0.0,true,33
healthy_DMSO,failing-TGFRi,B04,0.9031405359860714,0.0,false,33
healthy_DMSO,healthy-TGFRi,E04,0.9319725413482358,0.0,false,33
healthy_DMSO,healthy-TGFRi,E10,0.8187300618431476,0.4339622641509434,false,33
healthy_DMSO,failing-TGFRi,D07,1.0891899770486388,0.4339622641509434,false,33
healthy_DMSO,failing-drug_x,D03,0.9673725457879673,0.4716981132075472,false,33
healthy_DMSO,healthy-TGFRi,C04,0.7946448476055078,0.11320754716981132,false,33
healthy_DMSO,healthy-drug_x,C03,0.9317412756009045,0.3584905660377358,false,33
healthy_DMSO,healthy-TGFRi,C07,0.7787593746301443,0.1320754716981132,false,33
healthy_DMSO,healthy-drug_x,E06,1.0853936946761529,0.5094339622641509,false,33
healthy_DMSO,failing-TGFRi,B10,0.875750944972835,0.20754716981132076,false,33
healthy_DMSO,failing-drug_x,D06,0.9715128700008131,0.5094339622641509,false,33
healthy_DMSO,failing-drug_x,B09,0.9835694354366481,0.3584905660377358,false,33
healthy_DMSO,failing-drug_x,B06,0.9565636763020365,0.37735849056603776,false,33
healthy_DMSO,healthy-drug_x,C09,0.9352980861378639,0.33962264150943394,false,33
healthy_DMSO,healthy-drug_x,E03,1.0744308552213337,0.6037735849056604,false,33
healthy_DMSO,healthy-drug_x,E09,1.1581774899514112,0.33962264150943394,false,33
healthy_DMSO,failing-TGFRi,D10,0.9334649944320512,0.3018867924528302,false,33
healthy_DMSO,failing-drug_x,D09,1.0041677513029177,0.6037735849056604,false,33
healthy_DMSO,healthy-TGFRi,E07,0.8861552954612606,0.0,false,33
healthy_DMSO,healthy-TGFRi,C10,0.7722937433040852,0.1320754716981132,false,33
healthy_DMSO,healthy-TGFRi,C10,0.7716715570515124,0.22641509433962265,false,34
healthy_DMSO,healthy-drug_x,C06,0.915261920789527,0.3018867924528302,false,34
healthy_DMSO,healthy-TGFRi,C04,0.7935175432918438,0.11320754716981132,false,34
healthy_DMSO,healthy-drug_x,C09,0.93493909163751,0.32075471698113206,false,34
healthy_DMSO,healthy-drug_x,E06,1.0837565619334302,0.5660377358490566,false,34
healthy_DMSO,healthy-TGFRi,E10,0.8181066094626495,0.39622641509433965,false,34
healthy_DMSO,healthy-TGFRi,E04,0.9297835768188562,0.0,false,34
healthy_DMSO,failing-TGFRi,D07,1.0889039861954746,0.4339622641509434,false,34
healthy_DMSO,failing-TGFRi,D04,0.9529837902698053,0.37735849056603776,false,34
healthy_DMSO,failing-drug_x,D03,0.9660881652135461,0.5849056603773585,false,34
healthy_DMSO,failing-drug_x,B03,0.948000021738404,0.49056603773584906,false,34
healthy_DMSO,failing-TGFRi,B07,0.9503928416580681,0.2830188679245283,false,34
healthy_DMSO,healthy-drug_x,C03,0.9317106503976699,0.33962264150943394,false,34
healthy_DMSO,failing-drug_x,B09,0.9819709676912978,0.4339622641509434,false,34
healthy_DMSO,failing-drug_x,B06,0.9553875563312048,0.4716981132075472,false,34
healthy_DMSO,,,0.9999999999999999,0.0,true,34
healthy_DMSO,failing-drug_x,D09,1.0025735983576027,0.6415094339622641,false,34
healthy_DMSO,failing-TGFRi,B04,0.9015469626626768,0.07547169811320754,false,34
healthy_DMSO,failing-TGFRi,D10,0.932832213571781,0.3018867924528302,false,34
healthy_DMSO,healthy-TGFRi,E07,0.8839888351060069,0.0,false,34
healthy_DMSO,healthy-drug_x,E09,1.1561271573550058,0.39622641509433965,false,34
healthy_DMSO,healthy-TGFRi,C07,0.7779629645200439,0.20754716981132076,false,34
healthy_DMSO,failing-drug_x,D06,0.9704018237417884,0.5094339622641509,false,34
healthy_DMSO,failing-TGFRi,B10,0.874342212110996,0.3018867924528302,false,34
healthy_DMSO,healthy-drug_x,E03,1.0740969786277172,0.6037735849056604,false,34
healthy_DMSO,healthy-TGFRi,E04,0.9348635730262261,0.0,false,35
healthy_DMSO,healthy-drug_x,C09,0.9379745264817386,0.32075471698113206,false,35
healthy_DMSO,failing-drug_x,B09,0.9859584502135457,0.33962264150943394,false,35
healthy_DMSO,healthy-drug_x,C03,0.934628189299118,0.32075471698113206,false,35
healthy_DMSO,failing-drug_x,B03,0.951384789156104,0.4528301886792453,false,35
healthy_DMSO,,,1.0,0.0,true,35
healthy_DMSO,failing-drug_x,B06,0.9585189387939319,0.3584905660377358,false,35
healthy_DMSO,failing-TGFRi,B04,0.9049389185224687,0.05660377358490566,false,35
healthy_DMSO,healthy-drug_x,E03,1.076196517463523,0.5283018867924528,false,35
healthy_DMSO,healthy-drug_x,E06,1.0866399362945218,0.5660377358490566,false,35
healthy_DMSO,failing-TGFRi,D04,0.9560770596082303,0.33962264150943394,false,35
healthy_DMSO,failing-TGFRi,D10,0.9361091529544877,0.2641509433962264,false,35
healthy_DMSO,failing-TGFRi,B07,0.9535972931722827,0.22641509433962265,false,35
healthy_DMSO,healthy-TGFRi,E10,0.8211027229824427,0.39622641509433965,false,35
healthy_DMSO,healthy-TGFRi,C10,0.7746287334326003,0.16981132075471697,false,35
healthy_DMSO,failing-drug_x,D09,1.005124832552265,0.5660377358490566,false,35
healthy_DMSO,failing-TGFRi,B10,0.8780648702846661,0.22641509433962265,false,35
healthy_DMSO,healthy-TGFRi,E07,0.887599943925747,0.0,false,35
healthy_DMSO,healthy-TGFRi,C04,0.7967305887491885,0.1509433962264151,false,35
healthy_DMSO,healthy-drug_x,E09,1.1597510302910694,0.3584905660377358,false,35
healthy_DMSO,failing-drug_x,D06,0.9729873700716979,0.49056603773584906,false,35
healthy_DMSO,healthy-drug_x,C06,0.9187090011933186,0.2830188679245283,false,35
healthy_DMSO,healthy-TGFRi,C07,0.7815634002417966,0.1320754716981132,false,35
healthy_DMSO,failing-TGFRi,D07,1.0923523914019628,0.3584905660377358,false,35
healthy_DMSO,failing-drug_x,D03,0.9690758061833218,0.4528301886792453,false,35
healthy_DMSO,failing-TGFRi,B04,0.8881904007821363,0.12727272727272726,false,36
healthy_DMSO,failing-drug_x,B09,0.9644335137381403,0.43636363636363634,false,36
healthy_DMSO,failing-TGFRi,D04,0.9382785085058755,0.4,false,36
healthy_DMSO,failing-drug_x,D06,0.9534167271503974,0.5272727272727272,false,36
healthy_DMSO,failing-drug_x,D09,0.9856400659788538,0.6,false,36
healthy_DMSO,failing-drug_x,B06,0.939660216453603,0.41818181818181815,false,36
healthy_DMSO,healthy-TGFRi,C04,0.7814405529950494,0.18181818181818182,false,36
healthy_DMSO,healthy-drug_x,C09,0.919491997717914,0.4,false,36
healthy_DMSO,healthy-drug_x,E03,1.0558292577974997,0.6181818181818182,false,36
healthy_DMSO,healthy-TGFRi,C10,0.7599787976699005,0.21818181818181817,false,36
healthy_DMSO,,,1.0,0.0,true,36
healthy_DMSO,healthy-TGFRi,E04,0.9154678273870029,0.0,false,36
healthy_DMSO,healthy-TGFRi,E07,0.86986447271761,0.0,false,36
healthy_DMSO,failing-TGFRi,D07,1.0710720430588374,0.41818181818181815,false,36
healthy_DMSO,healthy-drug_x,C06,0.9004324999206307,0.32727272727272727,false,36
healthy_DMSO,failing-TGFRi,D10,0.9188071243801712,0.36363636363636365,false,36
healthy_DMSO,failing-TGFRi,B10,0.8612363857328362,0.36363636363636365,false,36
healthy_DMSO,failing-TGFRi,B07,0.9350643901439016,0.3090909090909091,false,36
healthy_DMSO,healthy-drug_x,E06,1.0665485945601343,0.6545454545454545,false,36
healthy_DMSO,healthy-TGFRi,E10,0.8061938175446418,0.45454545454545453,false,36
healthy_DMSO,healthy-TGFRi,C07,0.7657091891234139,0.23636363636363636,false,36
healthy_DMSO,healthy-drug_x,C03,0.916610597503907,0.38181818181818183,false,36
healthy_DMSO,failing-drug_x,D03,0.9500293715885711,0.5636363636363636,false,36
healthy_DMSO,healthy-drug_x,E09,1.137646983307926,0.45454545454545453,false,36
healthy_DMSO,failing-drug_x,B03,0.9317390094166457,0.5454545454545454,false,36
healthy_DMSO,failing-drug_x,B09,0.9694629810210493,0.3584905660377358,false,37
healthy_DMSO,healthy-drug_x,C09,0.9235073320123232,0.37735849056603776,false,37
healthy_DMSO,healthy-TGFRi,E07,0.8750750918621326,0.0,false,37
healthy_DMSO,failing-TGFRi,D10,0.9223314103148595,0.2830188679245283,false,37
healthy_DMSO,healthy-drug_x,C06,0.9049020365310222,0.24528301886792453,false,37
healthy_DMSO,healthy-TGFRi,C04,0.7850295115766845,0.1509433962264151,false,37
healthy_DMSO,failing-TGFRi,D04,0.9419905199067506,0.37735849056603776,false,37
healthy_DMSO,healthy-TGFRi,E04,0.920435454200037,0.0,false,37
healthy_DMSO,,,1.0,0.0,true,37
healthy_DMSO,healthy-TGFRi,C07,0.770088104660212,0.22641509433962265,false,37
healthy_DMSO,failing-TGFRi,B10,0.8647932101840482,0.20754716981132076,false,37
healthy_DMSO,healthy-TGFRi,C10,0.7628882090519907,0.07547169811320754,false,37
healthy_DMSO,failing-drug_x,D06,0.9589162951776694,0.49056603773584906,false,37
healthy_DMSO,healthy-drug_x,E09,1.1430892214148622,0.39622641509433965,false,37
healthy_DMSO,healthy-drug_x,E03,1.0605556388859962,0.6037735849056604,false,37
healthy_DMSO,failing-drug_x,B03,0.9370482891477877,0.4528301886792453,false,37
healthy_DMSO,healthy-drug_x,E06,1.0706046379274166,0.5471698113207547,false,37
healthy_DMSO,failing-TGFRi,D07,1.0748079854281594,0.41509433962264153,false,37
healthy_DMSO,failing-drug_x,D03,0.9548251779034828,0.49056603773584906,false,37
healthy_DMSO,healthy-TGFRi,E10,0.8086582398264612,0.4528301886792453,false,37
healthy_DMSO,failing-TGFRi,B07,0.9379039732072636,0.24528301886792453,false,37
healthy_DMSO,failing-TGFRi,B04,0.8928050579234896,0.05660377358490566,false,37
healthy_DMSO,failing-drug_x,D09,0.9906915172637482,0.6037735849056604,false,37
healthy_DMSO,healthy-drug_x,C03,0.9201630618463661,0.32075471698113206,false,37
healthy_DMSO,failing-drug_x,B06,0.9436784075155679,0.3584905660377358,false,37
healthy_DMSO,failing-TGFRi,D04,0.956212700278688,0.3269230769230769,false,38
healthy_DMSO,failing-drug_x,D09,1.006757518580389,0.5961538461538461,false,38
healthy_DMSO,failing-TGFRi,B07,0.9537615296429438,0.23076923076923078,false,38
healthy_DMSO,failing-drug_x,B03,0.9496182662190137,0.5192307692307693,false,38
healthy_DMSO,,,1.0,0.0,true,38
healthy_DMSO,healthy-drug_x,C06,0.9173258505478051,0.28846153846153844,false,38
healthy_DMSO,failing-TGFRi,D10,0.9359179012479385,0.21153846153846154,false,38
healthy_DMSO,healthy-TGFRi,E07,0.8879734117897665,0.0,false,38
healthy_DMSO,healthy-TGFRi,C10,0.773079687689673,0.0,false,38
healthy_DMSO,failing-drug_x,B09,0.9843664452463927,0.40384615384615385,false,38
healthy_DMSO,failing-TGFRi,B10,0.8782192972150604,0.19230769230769232,false,38
healthy_DMSO,failing-drug_x,B06,0.9583110488041447,0.40384615384615385,false,38
healthy_DMSO,failing-drug_x,D03,0.969479332533965,0.5,false,38
healthy_DMSO,healthy-drug_x,E06,1.0880546594526537,0.5192307692307693,false,38
healthy_DMSO,healthy-drug_x,E09,1.1622394069101503,0.3269230769230769,false,38
healthy_DMSO,failing-TGFRi,D07,1.092332092485292,0.40384615384615385,false,38
healthy_DMSO,healthy-drug_x,C03,0.9331214439334095,0.23076923076923078,false,38
healthy_DMSO,failing-TGFRi,B04,0.9034630699460003,0.038461538461538464,false,38
healthy_DMSO,failing-drug_x,D06,0.9747713148160226,0.5384615384615384,false,38
healthy_DMSO,healthy-TGFRi,E10,0.8204874193179299,0.34615384615384615,false,38
healthy_DMSO,healthy-TGFRi,C04,0.7970400746279043,0.057692307692307696,false,38
healthy_DMSO,healthy-TGFRi,E04,0.9333123584298545,0.0,false,38
healthy_DMSO,healthy-drug_x,E03,1.0779559381513821,0.5,false,38
healthy_DMSO,healthy-drug_x,C09,0.9374977363927435,0.25,false,38
healthy_DMSO,healthy-TGFRi,C07,0.7808454024288051,0.09615384615384616,false,38
healthy_DMSO,failing-TGFRi,D10,0.9378006614659273,0.3584905660377358,false,39
healthy_DMSO,healthy-TGFRi,C07,0.7832881478977641,0.1320754716981132,false,39
healthy_DMSO,failing-TGFRi,B04,0.9071560686332777,0.05660377358490566,false,39
healthy_DMSO,failing-TGFRi,B10,0.879265446626329,0.24528301886792453,false,39
healthy_DMSO,healthy-TGFRi,C10,0.7765602774502989,0.16981132075471697,false,39
healthy_DMSO,failing-drug_x,B03,0.9517755672775046,0.4716981132075472,false,39
healthy_DMSO,healthy-TGFRi,E07,0.8895698526437669,0.0,false,39
healthy_DMSO,healthy-TGFRi,C04,0.7983847264447502,0.1509433962264151,false,39
healthy_DMSO,,,1.0,0.0,true,39
healthy_DMSO,failing-TGFRi,B07,0.955349102237391,0.22641509433962265,false,39
healthy_DMSO,healthy-drug_x,C03,0.9367083661072144,0.3584905660377358,false,39
healthy_DMSO,healthy-drug_x,E09,1.1643455981166484,0.37735849056603776,false,39
healthy_DMSO,healthy-drug_x,C06,0.920942629877982,0.32075471698113206,false,39
healthy_DMSO,failing-drug_x,D06,0.9745138667314008,0.5471698113207547,false,39
healthy_DMSO,healthy-TGFRi,E04,0.9357614189918418,0.0,false,39
healthy_DMSO,healthy-drug_x,E03,1.0804054448796228,0.6037735849056604,false,39
healthy_DMSO,healthy-drug_x,E06,1.090447429749971,0.5471698113207547,false,39
healthy_DMSO,healthy-TGFRi,E10,0.8232118605846171,0.4339622641509434,false,39
healthy_DMSO,failing-drug_x,B06,0.9591330371849255,0.41509433962264153,false,39
healthy_DMSO,failing-TGFRi,D07,1.0939631631411333,0.4339622641509434,false,39
healthy_DMSO,failing-TGFRi,D04,0.9581666310022047,0.37735849056603776,false,39
healthy_DMSO,failing-drug_x,D03,0.9697942674482765,0.5660377358490566,false,39
healthy_DMSO,healthy-drug_x,C09,0.9403937063093779,0.41509433962264153,false,39
healthy_DMSO,failing-drug_x,B09,0.9847016062281507,0.41509433962264153,false,39
healthy_DMSO,failing-drug_x,D09,1.0064231542535875,0.6792452830188679,false,39
healthy_DMSO,healthy-TGFRi,C10,0.7761069147708743,0.19230769230769232,false,40
healthy_DMSO,failing-drug_x,D09,1.0057256285444625,0.5961538461538461,false,40
healthy_DMSO,failing-TGFRi,D10,0.9374910669148759,0.3076923076923077,false,40
healthy_DMSO,failing-TGFRi,D04,0.9566629422282582,0.40384615384615385,false,40
healthy_DMSO,healthy-drug_x,E03,1.0780733710184567,0.5192307692307693,false,40
healthy_DMSO,failing-drug_x,B06,0.9593942992538759,0.40384615384615385,false,40
healthy_DMSO,healthy-drug_x,C09,0.9389440843905109,0.34615384615384615,false,40
healthy_DMSO,healthy-drug_x,C03,0.9359291330913551,0.3269230769230769,false,40
healthy_DMSO,healthy-drug_x,E09,1.161902545402223,0.36538461538461536,false,40
healthy_DMSO,healthy-drug_x,E06,1.0890675992876135,0.5769230769230769,false,40
healthy_DMSO,healthy-TGFRi,C07,0.7805470122221557,0.1346153846153846,false,40
healthy_DMSO,healthy-TGFRi,E04,0.9317872573774423,0.0,false,40
healthy_DMSO,healthy-TGFRi,E07,0.8881597479404297,0.0,false,40
healthy_DMSO,failing-TGFRi,D07,1.0930118550589087,0.38461538461538464,false,40
healthy_DMSO,failing-drug_x,B09,0.9847643440703262,0.38461538461538464,false,40
healthy_DMSO,failing-drug_x,D06,0.9740851469229094,0.5384615384615384,false,40
healthy_DMSO,,,1.0,0.0,true,40
healthy_DMSO,healthy-drug_x,C06,0.9192930356448143,0.25,false,40
healthy_DMSO,healthy-TGFRi,E10,0.8226637532233796,0.4230769230769231,false,40
healthy_DMSO,failing-TGFRi,B07,0.9545759261863828,0.23076923076923078,false,40
healthy_DMSO,failing-TGFRi,B04,0.9056749157042081,0.057692307692307696,false,40
healthy_DMSO,failing-drug_x,D03,0.9689938829826775,0.5576923076923077,false,40
healthy_DMSO,failing-TGFRi,B10,0.8782400785484125,0.25,false,40
healthy_DMSO,healthy-TGFRi,C04,0.7966836078335566,0.15384615384615385,false,40
healthy_DMSO,failing-drug_x,B03,0.9503739068200817,0.5,false,40
healthy_DMSO,failing-drug_x,B09,0.9696268289833477,0.4126984126984127,false,41
healthy_DMSO,healthy-drug_x,E09,1.1483296365192663,0.38095238095238093,false,41
healthy_DMSO,healthy-TGFRi,E04,0.9171465361278549,0.0,false,41
healthy_DMSO,healthy-drug_x,E03,1.063927403157148,0.5396825396825397,false,41
healthy_DMSO,failing-TGFRi,B04,0.8908976103023772,0.047619047619047616,false,41
healthy_DMSO,failing-drug_x,D06,0.9604409918015133,0.49206349206349204,false,41
healthy_DMSO,failing-drug_x,D09,0.9923215073102363,0.5873015873015873,false,41
healthy_DMSO,healthy-drug_x,E06,1.0739799051307044,0.5079365079365079,false,41
healthy_DMSO,failing-TGFRi,B07,0.9383797786544362,0.30158730158730157,false,41
healthy_DMSO,healthy-TGFRi,C07,0.7652285311270781,0.14285714285714285,false,41
healthy_DMSO,failing-TGFRi,D10,0.9208990185577592,0.31746031746031744,false,41
healthy_DMSO,failing-TGFRi,D04,0.9394745609293638,0.42857142857142855,false,41
healthy_DMSO,failing-TGFRi,B10,0.8619997274201938,0.3492063492063492,false,41
healthy_DMSO,failing-TGFRi,D07,1.076041749582291,0.4603174603174603,false,41
healthy_DMSO,healthy-TGFRi,E10,0.8072905633470061,0.3968253968253968,false,41
healthy_DMSO,healthy-drug_x,C03,0.9202963654385579,0.3492063492063492,false,41
healthy_DMSO,healthy-TGFRi,E07,0.874291009367774,0.0,false,41
healthy_DMSO,healthy-drug_x,C06,0.904098387524866,0.31746031746031744,false,41
healthy_DMSO,healthy-TGFRi,C10,0.7607573402403347,0.1746031746031746,false,41
healthy_DMSO,,,1.0,0.0,true,41
healthy_DMSO,healthy-drug_x,C09,0.9242619561699398,0.30158730158730157,false,41
healthy_DMSO,failing-drug_x,D03,0.9551538793201755,0.5555555555555556,false,41
healthy_DMSO,failing-drug_x,B06,0.9438147887506022,0.4603174603174603,false,41
healthy_DMSO,healthy-TGFRi,C04,0.7815024084726977,0.14285714285714285,false,41
healthy_DMSO,failing-drug_x,B03,0.9354405674728777,0.5079365079365079,false,41
healthy_DMSO,failing-drug_x,B06,0.9436375390353963,0.47540983606557374,false,42
healthy_DMSO,healthy-drug_x,C03,0.9219850943739103,0.3770491803278688,false,42
healthy_DMSO,healthy-TGFRi,E07,0.8758411398563006,0.0,false,42
healthy_DMSO,failing-drug_x,D09,0.9916342087256823,0.6229508196721312,false,42
healthy_DMSO,healthy-drug_x,E03,1.063928889032058,0.6065573770491803,false,42
healthy_DMSO,failing-TGFRi,D10,0.9220621185010202,0.29508196721311475,false,42
healthy_DMSO,failing-TGFRi,D04,0.9423372153352564,0.47540983606557374,false,42
healthy_DMSO,failing-drug_x,B09,0.9693950713228101,0.4098360655737705,false,42
healthy_DMSO,healthy-drug_x,C06,0.9051458033805254,0.32786885245901637,false,42
healthy_DMSO,failing-TGFRi,D07,1.0763240829763774,0.4426229508196721,false,42
healthy_DMSO,healthy-TGFRi,C07,0.7664050146250554,0.14754098360655737,false,42
healthy_DMSO,failing-drug_x,D06,0.9592342069989183,0.5245901639344263,false,42
healthy_DMSO,healthy-TGFRi,E10,0.808577804097013,0.4426229508196721,false,42
healthy_DMSO,,,1.0,0.0,true,42
healthy_DMSO,failing-TGFRi,B04,0.8921013816671236,0.01639344262295082,false,42
healthy_DMSO,failing-TGFRi,B10,0.863069305225673,0.2459016393442623,false,42
healthy_DMSO,healthy-drug_x,C09,0.925347367488772,0.4262295081967213,false,42
healthy_DMSO,healthy-TGFRi,C10,0.7623291478851311,0.19672131147540983,false,42
healthy_DMSO,failing-TGFRi,B07,0.9388123083041899,0.29508196721311475,false,42
healthy_DMSO,healthy-drug_x,E09,1.1487683215009759,0.39344262295081966,false,42
healthy_DMSO,failing-drug_x,D03,0.9553669003990765,0.5573770491803278,false,42
healthy_DMSO,healthy-TGFRi,E04,0.9191732189364464,0.0,false,42
healthy_DMSO,healthy-TGFRi,C04,0.7821390372426658,0.14754098360655737,false,42
healthy_DMSO,healthy-drug_x,E06,1.075608096672299,0.639344262295082,false,42
healthy_DMSO,failing-drug_x,B03,0.9367963964422094,0.5081967213114754,false,42
healthy_DMSO,healthy-TGFRi,E10,0.8198110665071381,0.38333333333333336,false,43
healthy_DMSO,failing-drug_x,D03,0.9681241967286682,0.5666666666666667,false,43
healthy_DMSO,,,1.0,0.0,true,43
healthy_DMSO,healthy-drug_x,E09,1.1636234905260643,0.43333333333333335,false,43
healthy_DMSO,healthy-drug_x,C03,0.9337494107160345,0.38333333333333336,false,43
healthy_DMSO,failing-drug_x,B09,0.9825388793237525,0.45,false,43
healthy_DMSO,failing-drug_x,D06,0.9740972186806424,0.4666666666666667,false,43
healthy_DMSO,failing-drug_x,B03,0.9480417744412437,0.55,false,43
healthy_DMSO,failing-TGFRi,D04,0.9562924415254828,0.38333333333333336,false,43
healthy_DMSO,failing-TGFRi,D07,1.093820578110406,0.43333333333333335,false,43
healthy_DMSO,healthy-drug_x,C06,0.9180424177220111,0.3333333333333333,false,43
healthy_DMSO,failing-drug_x,D09,1.0067036730416385,0.6,false,43
healthy_DMSO,healthy-drug_x,E03,1.0777352942832046,0.6,false,43
healthy_DMSO,healthy-TGFRi,C04,0.7933885060569627,0.15,false,43
healthy_DMSO,healthy-TGFRi,C10,0.7723412148998994,0.16666666666666666,false,43
healthy_DMSO,failing-TGFRi,B04,0.9051843307616129,0.03333333333333333,false,43
healthy_DMSO,failing-drug_x,B06,0.9564921966901844,0.43333333333333335,false,43
healthy_DMSO,healthy-drug_x,E06,1.0890101320501149,0.5333333333333333,false,43
healthy_DMSO,healthy-TGFRi,E04,0.932264767279578,0.0,false,43
healthy_DMSO,failing-TGFRi,D10,0.9361876027244902,0.31666666666666665,false,43
healthy_DMSO,healthy-drug_x,C09,0.9377452332638455,0.4,false,43
healthy_DMSO,healthy-TGFRi,E07,0.8855652329733649,0.0,false,43
healthy_DMSO,failing-TGFRi,B07,0.9536994547734761,0.2833333333333333,false,43
healthy_DMSO,failing-TGFRi,B10,0.8758927123411407,0.3,false,43
healthy_DMSO,healthy-TGFRi,C07,0.7778567306498267,0.15,false,43
healthy_DMSO,failing-TGFRi,D04,0.9319780716688688,0.42857142857142855,false,44
healthy_DMSO,failing-TGFRi,D10,0.9123370108096394,0.30357142857142855,false,44
healthy_DMSO,healthy-TGFRi,E07,0.8670278544077841,0.0,false,44
healthy_DMSO,failing-drug_x,B06,0.9343382599807198,0.4642857142857143,false,44
healthy_DMSO,,,1.0,0.0,true,44
healthy_DMSO,healthy-TGFRi,E10,0.8017791075615813,0.4642857142857143,false,44
healthy_DMSO,failing-drug_x,B03,0.9267137818210863,0.5178571428571429,false,44
healthy_DMSO,failing-drug_x,D03,0.9457752911748687,0.5535714285714286,false,44
healthy_DMSO,healthy-drug_x,C09,0.9147278218440359,0.39285714285714285,false,44
healthy_DMSO,failing-TGFRi,D07,1.0650288556295937,0.4107142857142857,false,44
healthy_DMSO,healthy-TGFRi,C07,0.760605668837764,0.125,false,44
healthy_DMSO,healthy-drug_x,C03,0.9116817108246904,0.32142857142857145,false,44
healthy_DMSO,failing-drug_x,B09,0.9603667535701682,0.4107142857142857,false,44
healthy_DMSO,healthy-TGFRi,C04,0.7763855547330776,0.08928571428571429,false,44
healthy_DMSO,healthy-drug_x,C06,0.8967498823605855,0.32142857142857145,false,44
healthy_DMSO,failing-TGFRi,B04,0.883643317293651,0.07142857142857142,false,44
healthy_DMSO,healthy-TGFRi,E04,0.9112915485383446,0.0,false,44
healthy_DMSO,healthy-TGFRi,C10,0.7552301280420387,0.19642857142857142,false,44
healthy_DMSO,healthy-drug_x,E09,1.133143132771533,0.4107142857142857,false,44
healthy_DMSO,failing-TGFRi,B07,0.9288017044271009,0.21428571428571427,false,44
healthy_DMSO,healthy-drug_x,E03,1.0525641990197925,0.5892857142857143,false,44
healthy_DMSO,healthy-drug_x,E06,1.0612286527144519,0.5714285714285714,false,44
healthy_DMSO,failing-drug_x,D09,0.9820256560743237,0.625,false,44
healthy_DMSO,failing-TGFRi,B10,0.855271489761058,0.23214285714285715,false,44
healthy_DMSO,failing-drug_x,D06,0.9500673031871896,0.5357142857142857,false,44
healthy_DMSO,healthy-TGFRi,E07,0.880627944750258,0.0,false,45
healthy_DMSO,failing-drug_x,D03,0.9597098620995388,0.58,false,45
healthy_DMSO,healthy-TGFRi,C04,0.7890768290550118,0.18,false,45
healthy_DMSO,healthy-drug_x,C06,0.9096068183021396,0.3,false,45
healthy_DMSO,failing-drug_x,B03,0.9423845075491126,0.48,false,45
healthy_DMSO,healthy-TGFRi,E04,0.924118715206433,0.0,false,45
healthy_DMSO,,,1.0,0.0,true,45
healthy_DMSO,healthy-drug_x,C03,0.9253504033191648,0.4,false,45
healthy_DMSO,failing-drug_x,D09,0.9945198771269748,0.62,false,45
healthy_DMSO,failing-TGFRi,B07,0.9446796275074733,0.28,false,45
healthy_DMSO,healthy-drug_x,E03,1.0666796052433511,0.58,false,45
healthy_DMSO,failing-drug_x,D06,0.9637104057461118,0.5,false,45
healthy_DMSO,healthy-drug_x,C09,0.9298134909338923,0.38,false,45
healthy_DMSO,failing-TGFRi,D07,1.0809655044771327,0.46,false,45
healthy_DMSO,failing-drug_x,B06,0.9496058471789705,0.42,false,45
healthy_DMSO,healthy-TGFRi,E10,0.8158389734855604,0.36,false,45
healthy_DMSO,failing-drug_x,B09,0.9746101590093526,0.46,false,45
healthy_DMSO,healthy-TGFRi,C07,0.7732807363907055,0.2,false,45
healthy_DMSO,failing-TGFRi,B10,0.8697292995229966,0.34,false,45
healthy_DMSO,healthy-TGFRi,C10,0.7695754879450142,0.22,false,45
healthy_DMSO,failing-TGFRi,D04,0.9477848817338673,0.46,false,45
healthy_DMSO,healthy-drug_x,E06,1.076178647714873,0.56,false,45
healthy_DMSO,failing-TGFRi,D10,0.9281513198705093,0.3,false,45
healthy_DMSO,failing-TGFRi,B04,0.8985371736938391,0.08,false,45
healthy_DMSO,healthy-drug_x,E09,1.1489269610807105,0.44,false,45
healthy_DMSO,failing-TGFRi,B10,0.8755634505682318,0.3333333333333333,false,46
healthy_DMSO,failing-TGFRi,D10,0.9337510308103086,0.29411764705882354,false,46
healthy_DMSO,healthy-TGFRi,C04,0.7942539828935691,0.09803921568627451,false,46
healthy_DMSO,healthy-TGFRi,C10,0.7724321120721436,0.1568627450980392,false,46
healthy_DMSO,failing-TGFRi,D04,0.9532626842743154,0.39215686274509803,false,46
healthy_DMSO,healthy-drug_x,C06,0.914551259434569,0.2549019607843137,false,46
healthy_DMSO,healthy-TGFRi,E04,0.9289096681709238,0.0,false,46
healthy_DMSO,,,1.0,0.0,true,46
healthy_DMSO,healthy-drug_x,C03,0.9310304025027637,0.3333333333333333,false,46
healthy_DMSO,failing-TGFRi,D07,1.0887557138771955,0.43137254901960786,false,46
healthy_DMSO,healthy-drug_x,E03,1.0728259049880835,0.5098039215686274,false,46
healthy_DMSO,failing-drug_x,B09,0.9805668119704706,0.39215686274509803,false,46
healthy_DMSO,healthy-drug_x,E09,1.1567080792661892,0.35294117647058826,false,46
healthy_DMSO,failing-TGFRi,B07,0.9511845568711966,0.23529411764705882,false,46
healthy_DMSO,healthy-TGFRi,C07,0.7771154783859753,0.11764705882352941,false,46
healthy_DMSO,failing-drug_x,D09,1.002271087797788,0.5882352941176471,false,46
healthy_DMSO,healthy-drug_x,E06,1.0847193264698773,0.5098039215686274,false,46
healthy_DMSO,failing-drug_x,D06,0.9710829612817256,0.5490196078431373,false,46
healthy_DMSO,healthy-TGFRi,E10,0.8197892040296864,0.39215686274509803,false,46
healthy_DMSO,failing-drug_x,D03,0.9656259521608769,0.5490196078431373,false,46
healthy_DMSO,failing-drug_x,B06,0.9542665492106923,0.43137254901960786,false,46
healthy_DMSO,failing-drug_x,B03,0.946424728734794,0.5686274509803921,false,46
healthy_DMSO,healthy-TGFRi,E07,0.8859598083581106,0.0,false,46
healthy_DMSO,healthy-drug_x,C09,0.9344957008196305,0.3333333333333333,false,46
healthy_DMSO,failing-TGFRi,B04,0.9030256203141437,0.058823529411764705,false,46
healthy_DMSO,healthy-TGFRi,E10,0.808930540240257,0.43333333333333335,false,47
healthy_DMSO,failing-TGFRi,B07,0.9407773563526651,0.3,false,47
healthy_DMSO,failing-TGFRi,B04,0.8928265885011605,0.05,false,47
healthy_DMSO,healthy-drug_x,E06,1.0742769081585042,0.6,false,47
healthy_DMSO,healthy-TGFRi,C10,0.7631333660013812,0.18333333333333332,false,47
healthy_DMSO,healthy-TGFRi,E07,0.8764438878493807,0.016666666666666666,false,47
healthy_DMSO,failing-TGFRi,D10,0.9241461307306513,0.2833333333333333,false,47
healthy_DMSO,failing-drug_x,D09,0.9951309635609039,0.6,false,47
healthy_DMSO,failing-TGFRi,B10,0.8650055542331234,0.23333333333333334,false,47
healthy_DMSO,failing-drug_x,B09,0.9722904452134048,0.38333333333333336,false,47
healthy_DMSO,failing-drug_x,D03,0.9576885103721685,0.5,false,47
healthy_DMSO,healthy-drug_x,E03,1.0647362009871753,0.5333333333333333,false,47
healthy_DMSO,healthy-TGFRi,C04,0.7856048598948118,0.08333333333333333,false,47
healthy_DMSO,,,1.0,0.0,true,47
healthy_DMSO,failing-drug_x,B06,0.946959234109204,0.4166666666666667,false,47
healthy_DMSO,healthy-TGFRi,C07,0.7701145552742855,0.1,false,47
healthy_DMSO,failing-drug_x,D06,0.9626112560147204,0.4666666666666667,false,47
healthy_DMSO,failing-TGFRi,D07,1.0789411691551996,0.4,false,47
healthy_DMSO,healthy-drug_x,E09,1.1492961172670426,0.36666666666666664,false,47
healthy_DMSO,failing-drug_x,B03,0.9382999096391675,0.4666666666666667,false,47
healthy_DMSO,healthy-TGFRi,E04,0.9232209115949631,0.0,false,47
healthy_DMSO,healthy-drug_x,C06,0.9065574874599395,0.25,false,47
healthy_DMSO,healthy-drug_x,C09,0.9261217341153344,0.3333333333333333,false,47
healthy_DMSO,failing-TGFRi,D04,0.9441373995098609,0.38333333333333336,false,47
healthy_DMSO,healthy-drug_x,C03,0.9225280093088749,0.3333333333333333,false,47
healthy_DMSO,failing-TGFRi,D07,1.092313967008324,0.4074074074074074,false,48
healthy_DMSO,failing-TGFRi,B04,0.9045221736214625,0.09259259259259259,false,48
healthy_DMSO,failing-TGFRi,B10,0.8773539022196009,0.25925925925925924,false,48
healthy_DMSO,failing-TGFRi,D10,0.9360801331163661,0.3148148148148148,false,48
healthy_DMSO,healthy-TGFRi,C04,0.7962288041343243,0.16666666666666666,false,48
healthy_DMSO,healthy-TGFRi,C10,0.7738119144714233,0.2037037037037037,false,48
healthy_DMSO,failing-drug_x,B09,0.9837420043461952,0.4444444444444444,false,48
healthy_DMSO,failing-drug_x,D09,1.004737951417644,0.6296296296296297,false,48
healthy_DMSO,healthy-drug_x,C06,0.917620852394003,0.3148148148148148,false,48
healthy_DMSO,healthy-drug_x,E06,1.0850396122034411,0.5740740740740741,false,48
healthy_DMSO,healthy-TGFRi,E04,0.9333222157345386,0.0,false,48
healthy_DMSO,failing-TGFRi,B07,0.9536352193142271,0.24074074074074073,false,48
healthy_DMSO,failing-drug_x,B03,0.9499454700053978,0.48148148148148145,false,48
healthy_DMSO,failing-drug_x,B06,0.9579702872151263,0.3888888888888889,false,48
healthy_DMSO,healthy-TGFRi,C07,0.7806429516911852,0.14814814814814814,false,48
healthy_DMSO,failing-drug_x,D06,0.9734622388026979,0.5185185185185185,false,48
healthy_DMSO,healthy-drug_x,E03,1.0748340086787138,0.5925925925925926,false,48
healthy_DMSO,healthy-TGFRi,E10,0.820350262648183,0.3888888888888889,false,48
healthy_DMSO,failing-TGFRi,D04,0.9562929124426996,0.35185185185185186,false,48
healthy_DMSO,failing-drug_x,D03,0.968356643096295,0.5740740740740741,false,48
healthy_DMSO,healthy-TGFRi,E07,0.8864646873188772,0.0,false,48
healthy_DMSO,healthy-drug_x,E09,1.1585075103869644,0.4074074074074074,false,48
healthy_DMSO,,,1.0,0.0,true,48
healthy_DMSO,healthy-drug_x,C03,0.9332170090439338,0.35185185185185186,false,48
healthy_DMSO,healthy-drug_x,C09,0.9370143752666916,0.3333333333333333,false,48
healthy_DMSO,healthy-drug_x,C06,0.9098930666140014,0.3,false,49
healthy_DMSO,failing-TGFRi,B04,0.8988503992745787,0.04,false,49
healthy_DMSO,failing-drug_x,B06,0.9512420509587485,0.36,false,49
healthy_DMSO,failing-drug_x,D06,0.9671337632264365,0.5,false,49
healthy_DMSO,failing-TGFRi,B07,0.9458901982920008,0.24,false,49
healthy_DMSO,failing-drug_x,D09,0.998614498524989,0.6,false,49
healthy_DMSO,failing-TGFRi,D04,0.9486439794758621,0.4,false,49
healthy_DMSO,healthy-drug_x,C03,0.9263542097983257,0.34,false,49
healthy_DMSO,healthy-drug_x,E03,1.0675229129320678,0.52,false,49
healthy_DMSO,,,1.0,0.0,true,49
healthy_DMSO,healthy-TGFRi,C04,0.7902732948207041,0.14,false,49
healthy_DMSO,healthy-drug_x,E09,1.1504241894603078,0.36,false,49
healthy_DMSO,healthy-TGFRi,C10,0.7688166826409829,0.16,false,49
healthy_DMSO,failing-drug_x,B09,0.9778855453876606,0.32,false,49
healthy_DMSO,failing-drug_x,D03,0.9620802554987123,0.46,false,49
healthy_DMSO,healthy-drug_x,E06,1.0782267466472797,0.6,false,49
healthy_DMSO,failing-TGFRi,B10,0.8710465372099513,0.3,false,49
healthy_DMSO,healthy-TGFRi,E07,0.8819596467903067,0.0,false,49
healthy_DMSO,healthy-drug_x,C09,0.9293082067740417,0.4,false,49
healthy_DMSO,failing-TGFRi,D10,0.9287951925009025,0.28,false,49
healthy_DMSO,failing-drug_x,B03,0.9436372755760932,0.46,false,49
healthy_DMSO,healthy-TGFRi,E04,0.9243639327483139,0.0,false,49
healthy_DMSO,failing-TGFRi,D07,1.0828127705928612,0.42,false,49
healthy_DMSO,healthy-TGFRi,C07,0.7735206094126152,0.14,false,49
healthy_DMSO,healthy-TGFRi,E10,0.8154112584172231,0.44,false,49
