feature,p_value,ks_stat,p_value_fdr_corrected,neg_log10_p_value,signature,compartment,channel
Cytoplasm_AreaShape_BoundingBoxMinimum_X,0.00012815521917530588,0.06355499696952682,0.0001495523605651438,3.825206727585353,on,Cytoplasm,no-channel
Cytoplasm_AreaShape_Compactness,0.784666306562721,0.01883572244032991,0.7894728383027683,0.10266280723662094,off,Cytoplasm,no-channel
Cytoplasm_AreaShape_Eccentricity,3.8891913556476026e-47,0.21161788556632577,9.903871010311918e-47,46.004195024611775,on,Cytoplasm,no-channel
Cytoplasm_AreaShape_Extent,1.8732071877549385e-21,0.14228771371474266,3.1395334753953947e-21,20.50313488189947,on,Cytoplasm,no-channel
Cytoplasm_AreaShape_FormFactor,0.784666306562721,0.01883572244032991,0.7894728383027683,0.10266280723662094,off,Cytoplasm,no-channel
Cytoplasm_AreaShape_MajorAxisLength,7.015710702011772e-42,0.19945032383433156,1.6520867136995463e-41,40.78196716143883,on,Cytoplasm,no-channel
Cytoplasm_AreaShape_MeanRadius,1.1597685718294148e-29,0.16767066586749835,2.2476930728375383e-29,28.648262992868798,on,Cytoplasm,no-channel
Cytoplasm_AreaShape_MinorAxisLength,1.2693107016579558e-48,0.21493053106143023,3.283217051138886e-48,47.483700405422965,on,Cytoplasm,no-channel
Cytoplasm_AreaShape_Perimeter,4.8590725682171905e-21,0.14088389040772462,8.082052347642263e-21,20.092478340948734,on,Cytoplasm,no-channel
Cytoplasm_AreaShape_Solidity,0.00005761094148193628,0.0661382174099364,0.00006832200099933599,4.165439422614075,on,Cytoplasm,no-channel
Cytoplasm_AreaShape_Zernike_0_0,1.0984061182670431e-44,0.20603698408973592,2.712980525193411e-44,43.566553323758264,on,Cytoplasm,no-channel
Cytoplasm_AreaShape_Zernike_1_1,1.585587628359268e-16,0.12454452924010705,2.451131933722445e-16,15.610633311944348,on,Cytoplasm,no-channel
Cytoplasm_AreaShape_Zernike_2_0,2.804398532208085e-30,0.16942024624813984,5.499969658688692e-30,29.259639706342192,on,Cytoplasm,no-channel
Cytoplasm_AreaShape_Zernike_2_2,1.0208252085187196e-7,0.08383541291456657,1.3048291089431884e-7,6.8844463633470045,on,Cytoplasm,no-channel
Cytoplasm_AreaShape_Zernike_3_1,3.592316887308182e-8,0.08640447675029621,4.664332401109636e-8,7.331210507386325,on,Cytoplasm,no-channel
Cytoplasm_AreaShape_Zernike_4_0,5.153773791465341e-7,0.07968840753233744,6.511594963447557e-7,6.186312621418984,on,Cytoplasm,no-channel
Cytoplasm_AreaShape_Zernike_4_2,0.00005984549385302595,0.06601760633729606,0.00007084412515574424,4.149696158376704,on,Cytoplasm,no-channel
Cytoplasm_AreaShape_Zernike_5_1,1.735392592038979e-9,0.09345766511359915,2.3411764537363637e-9,8.630565852430653,on,Cytoplasm,no-channel
Cytoplasm_AreaShape_Zernike_5_3,4.2198357852592673e-14,0.11479718704265969,6.244216466025538e-14,13.204522049816715,on,Cytoplasm,no-channel
Cytoplasm_AreaShape_Zernike_6_0,2.17495264573627e-9,0.09295066671209577,2.9221756405904485e-9,8.53429368386827,on,Cytoplasm,no-channel
Cytoplasm_AreaShape_Zernike_6_2,7.18598670572213e-7,0.07881013817645975,9.044431543408889e-7,6.043618724030134,on,Cytoplasm,no-channel
Cytoplasm_AreaShape_Zernike_6_4,0.9640647373326939,0.014343279907746927,0.9655343482127743,0.01523227188569186,off,Cytoplasm,no-channel
Cytoplasm_AreaShape_Zernike_7_1,1.5677661205417257e-14,0.11658563810055796,2.3303672877735607e-14,13.632575624689668,on,Cytoplasm,no-channel
Cytoplasm_AreaShape_Zernike_7_3,0.001807993001547816,0.05413077727437851,0.0020099008494364047,2.696825366263462,on,Cytoplasm,no-channel
Cytoplasm_AreaShape_Zernike_7_5,0.000014196085449664757,0.07043566670969635,0.00001711344612922889,4.766662527910128,on,Cytoplasm,no-channel
Cytoplasm_AreaShape_Zernike_8_0,0.0009682452533995226,0.05649620994900583,0.0010855582448523657,2.9643468698241477,on,Cytoplasm,no-channel
Cytoplasm_AreaShape_Zernike_8_2,2.2217994142457427e-6,0.0757507919300635,2.749006054914224e-6,5.5608243035858,on,Cytoplasm,no-channel
Cytoplasm_AreaShape_Zernike_8_4,0.037284596568159474,0.04076966180431285,0.03944602245616872,1.4039967823766668,on,Cytoplasm,no-channel
Cytoplasm_AreaShape_Zernike_8_6,0.16948769807022773,0.032060870520814286,0.17619211650655003,0.7540135274466618,off,Cytoplasm,no-channel
Cytoplasm_AreaShape_Zernike_9_1,1.106699309935583e-7,0.08363354133144707,1.4118474691799573e-7,6.8502122203321445,on,Cytoplasm,no-channel
Cytoplasm_AreaShape_Zernike_9_3,0.008422261987313847,0.04780597421514424,0.009116023271277097,2.040194574828396,on,Cytoplasm,no-channel
Cytoplasm_AreaShape_Zernike_9_5,0.613595162755888,0.021833083553240592,0.6230788592436143,0.20545698389144054,off,Cytoplasm,no-channel
Cytoplasm_AreaShape_Zernike_9_7,0.13501428863035073,0.0335142819346208,0.14080061528593718,0.8513954473622058,off,Cytoplasm,no-channel
Cytoplasm_Correlation_Correlation_Actin_Hoechst,1.6141968647203555e-45,0.20795172485830998,4.032423346468721e-45,44.394433879493135,on,Cytoplasm,Actin
Cytoplasm_Correlation_Correlation_Actin_Mitochondria,5.564489248283707e-133,0.35358791547435264,3.5841857216886233e-132,131.4456094945973,on,Cytoplasm,Actin
Cytoplasm_Correlation_Correlation_Actin_PM,8.820958624524859e-15,0.11761155204535745,1.3171295037074619e-14,13.880371521939903,on,Cytoplasm,Actin
Cytoplasm_Correlation_Correlation_ER_Hoechst,7.927080653069127e-6,0.0721477360869769,9.64461479456744e-6,5.0157151133736,on,Cytoplasm,ER
Cytoplasm_Correlation_Correlation_ER_Mitochondria,4.28e-321,0.6215942768286454,1.46965e-319,318.8327867695125,on,Cytoplasm,ER
Cytoplasm_Correlation_Correlation_ER_PM,2.3072727371420284e-75,0.2673402811069793,7.978306254222699e-75,74.09808929693489,on,Cytoplasm,ER
Cytoplasm_Correlation_Correlation_Hoechst_Mitochondria,6.8397330574141485e-90,0.2917055573391278,2.7738917399512936e-89,88.55691049267125,on,Cytoplasm,Hoechst
Cytoplasm_Correlation_Correlation_Hoechst_PM,3.6738802232615126e-9,0.09176255166960756,4.8861119568478015e-9,8.311036586137824,on,Cytoplasm,Hoechst
Cytoplasm_Correlation_Correlation_Mitochondria_PM,2.8318979550008484e-147,0.37163870617271155,2.188890536983009e-146,145.65977595628172,on,Cytoplasm,Mitochondria
Cytoplasm_Correlation_K_Actin_PM,6.4e-323,0.931887856016613,2.11e-320,319.67568577168896,on,Cytoplasm,Actin
Cytoplasm_Correlation_K_Mitochondria_PM,1.0493095900910585e-188,0.41907156987468125,1.0445400010451901e-187,186.98107492389758,on,Cytoplasm,Mitochondria
Cytoplasm_Correlation_K_PM_Actin,1.24e-322,0.9239345635342819,2.272e-320,319.64355193354174,on,Cytoplasm,PM
Cytoplasm_Correlation_K_PM_Mitochondria,7.406949407414982e-182,0.41166174704658837,7.052704000973396e-181,180.15164434293,on,Cytoplasm,PM
Cytoplasm_Correlation_Overlap_Actin_PM,0.004112409108271887,0.05085060399113876,0.0045030879735577165,2.3464895684584612,on,Cytoplasm,Actin
Cytoplasm_Correlation_Overlap_Mitochondria_PM,0.0022182995897971768,0.05333312858244079,0.002453573788715059,2.6102008765255778,on,Cytoplasm,Mitochondria
Cytoplasm_Correlation_RWC_Actin_ER,2.1160074167965227e-24,0.15189900854179134,3.808813350233741e-24,23.41921030928961,on,Cytoplasm,Actin
Cytoplasm_Correlation_RWC_Actin_PM,2.8922977191271277e-19,0.13469937370221127,4.668893369696616e-19,18.330786044570193,on,Cytoplasm,Actin
Cytoplasm_Correlation_RWC_ER_Hoechst,3.2668456477004486e-139,0.36158415765562785,2.2126985469476235e-138,137.65507774934198,on,Cytoplasm,ER
Cytoplasm_Correlation_RWC_ER_Mitochondria,3.280690225203277e-20,0.13802841526488288,5.4020387918760724e-20,19.267442301481918,on,Cytoplasm,ER
Cytoplasm_Correlation_RWC_ER_PM,3.0450773840652266e-9,0.09218980919616239,4.082889472103783e-9,8.389032376703293,on,Cytoplasm,ER
Cytoplasm_Correlation_RWC_Hoechst_ER,5.330101489373427e-19,0.13374920159149029,8.562045668749001e-19,18.067422460029764,on,Cytoplasm,Hoechst
Cytoplasm_Correlation_RWC_Hoechst_Mitochondria,2.434938360929188e-18,0.13135793511284252,3.864141311909364e-18,17.412946999787525,on,Cytoplasm,Hoechst
Cytoplasm_Correlation_RWC_Hoechst_PM,1.6520762568498706e-10,0.09858307583509171,2.2802817242654728e-10,9.642011493466443,on,Cytoplasm,Hoechst
Cytoplasm_Correlation_RWC_Mitochondria_Actin,4.819577772099982e-152,0.37744867271033716,3.90921308181443e-151,150.4079106565736,on,Cytoplasm,Mitochondria
Cytoplasm_Correlation_RWC_Mitochondria_ER,5.752127552944413e-43,0.20202634600117508,1.3692564501030723e-42,41.863515204580246,on,Cytoplasm,Mitochondria
Cytoplasm_Correlation_RWC_Mitochondria_PM,1.5629797460450877e-11,0.10346582475659039,2.2130984766198765e-11,10.654999260767243,on,Cytoplasm,Mitochondria
Cytoplasm_Correlation_RWC_PM_ER,7.057000131620968e-25,0.15339688929007267,1.2879025240208266e-24,23.89011700567329,on,Cytoplasm,PM
Cytoplasm_Correlation_RWC_PM_Hoechst,1.403874022502492e-89,0.2912078367124429,5.624056297464252e-89,88.24995034062769,on,Cytoplasm,PM
Cytoplasm_Correlation_RWC_PM_Mitochondria,4.71669844752787e-55,0.2286849122106554,1.3186684595854515e-54,53.87986438130852,on,Cytoplasm,PM
Cytoplasm_Granularity_1_ER,0.000014111426491711148,0.0704533424703419,0.000017042660303408502,4.7684626123326845,on,Cytoplasm,ER
Cytoplasm_Granularity_1_Hoechst,3.5723631841172395e-44,0.20485054864441313,8.725065471988946e-44,43.059231305455675,on,Cytoplasm,Hoechst
Cytoplasm_Granularity_1_Mitochondria,2.5331241039159167e-15,0.11980766532954736,3.8435624394290004e-15,14.41526605933799,on,Cytoplasm,Mitochondria
Cytoplasm_Granularity_1_PM,1.2110577196275654e-11,0.10398034135492944,1.7184987511777765e-11,10.764850779125705,on,Cytoplasm,PM
Cytoplasm_Granularity_2_Actin,1.6040957193563326e-35,0.18361556164369539,3.3996480245713243e-35,34.46856604439869,on,Cytoplasm,Actin
Cytoplasm_Intensity_IntegratedIntensityEdge_Hoechst,4.671538076469212e-44,0.20457925371178975,1.1325463159558202e-43,42.94594402829726,on,Cytoplasm,Hoechst
Cytoplasm_Intensity_IntegratedIntensity_Actin,4.25e-322,0.8852031328806099,2.538e-320,319.59550577739145,on,Cytoplasm,Actin
Cytoplasm_Intensity_IntegratedIntensity_Hoechst,4.536206614815274e-52,0.22241385626071444,1.21149908371286e-51,50.91667690999415,on,Cytoplasm,Hoechst
Cytoplasm_Intensity_IntegratedIntensity_Mitochondria,3.5011219607963293e-305,0.5267566226916136,6.970415540130874e-304,303.1567413307389,on,Cytoplasm,Mitochondria
Cytoplasm_Intensity_LowerQuartileIntensity_Actin,1.6e-322,0.9198581812138177,2.272e-320,319.64355193354174,on,Cytoplasm,Actin
Cytoplasm_Intensity_LowerQuartileIntensity_ER,3.107403303818361e-109,0.3211017069666011,1.5584457790905827e-108,107.8073083029485,on,Cytoplasm,ER
Cytoplasm_Intensity_LowerQuartileIntensity_Mitochondria,4.763e-321,0.6072587550601863,1.46965e-319,318.8327867695125,on,Cytoplasm,Mitochondria
Cytoplasm_Intensity_LowerQuartileIntensity_PM,1.1982243020141319e-107,0.3187988192911812,5.874875868830482e-107,106.2310013052352,on,Cytoplasm,PM
Cytoplasm_Intensity_MADIntensity_ER,1.3677943184320415e-146,0.3707972279928382,1.0449312409416875e-145,144.98091228626302,on,Cytoplasm,ER
Cytoplasm_Intensity_MADIntensity_Hoechst,1.2477071604673367e-141,0.36463262651085765,8.910256569859133e-141,140.05010979032116,on,Cytoplasm,Hoechst
Cytoplasm_Intensity_MADIntensity_Mitochondria,3.3726669952278075e-206,0.43733127046809095,3.7556647726519824e-205,204.425313179421,on,Cytoplasm,Mitochondria
Cytoplasm_Intensity_MADIntensity_PM,3.313484568000637e-126,0.34466333594550685,1.9972104230976318e-125,124.69957617610281,on,Cytoplasm,PM
Cytoplasm_Intensity_MassDisplacement_Actin,0.018207356998883227,0.04429905531457335,0.019546133248801112,1.7089391449076972,on,Cytoplasm,Actin
Cytoplasm_Intensity_MassDisplacement_ER,1.0301529452092033e-10,0.09958035664726173,1.427870221524149e-10,9.845311263594308,on,Cytoplasm,ER
Cytoplasm_Intensity_MassDisplacement_Hoechst,3.5535772236194215e-9,0.09183853344613828,4.735700275695659e-9,8.32461579208129,on,Cytoplasm,Hoechst
Cytoplasm_Intensity_MassDisplacement_Mitochondria,1.138083380388094e-24,0.15274656526378713,2.0655270191021487e-24,23.68496911965606,on,Cytoplasm,Mitochondria
Cytoplasm_Intensity_MassDisplacement_PM,0.14096589249388386,0.03324346688690184,0.14677431278681727,0.8333499443592024,off,Cytoplasm,PM
Cytoplasm_Intensity_MaxIntensityEdge_Hoechst,5.627e-321,0.5813971976961045,1.46965e-319,318.8327867695125,on,Cytoplasm,Hoechst
Cytoplasm_Intensity_MaxIntensity_Actin,2.08e-322,0.9131936996230824,2.272e-320,319.64355193354174,on,Cytoplasm,Actin
Cytoplasm_Intensity_MaxIntensity_ER,1.5358414622441557e-91,0.294335406596082,6.386378738572218e-91,90.19474532958068,on,Cytoplasm,ER
Cytoplasm_Intensity_MaxIntensity_Hoechst,6.36e-321,0.5593717602770152,1.46965e-319,318.8327867695125,on,Cytoplasm,Hoechst
Cytoplasm_Intensity_MaxIntensity_Mitochondria,1.5066526426202603e-125,0.3437852265512639,8.838132019656348e-125,124.05363951544851,on,Cytoplasm,Mitochondria
Cytoplasm_Intensity_MaxIntensity_PM,2.4475502551048237e-12,0.10714798162808632,3.5110054969516797e-12,11.454568490587649,on,Cytoplasm,PM
Cytoplasm_Intensity_StdIntensityEdge_Hoechst,3.5287139631494946e-135,0.35643043372477545,2.365678646723692e-134,133.62604425017014,on,Cytoplasm,Hoechst
Cytoplasm_Intensity_StdIntensity_Hoechst,1.3780646500275657e-70,0.2587971300963177,4.395089684796654e-70,69.35703225842526,on,Cytoplasm,Hoechst
Cytoplasm_Intensity_UpperQuartileIntensity_Hoechst,1.0208202686523195e-130,0.35063638336981257,6.387418252424513e-130,129.1946746450174,on,Cytoplasm,Hoechst
Cytoplasm_Location_MaxIntensity_Y_PM,0.0008765543940341835,0.0568640417282319,0.0009895124345025061,3.004578743951882,on,Cytoplasm,PM
Cytoplasm_RadialDistribution_FracAtD_Actin_1of4,6.594021058522541e-26,0.1565800458418053,1.2342654801849885e-25,24.90859141714326,on,Cytoplasm,Actin
Cytoplasm_RadialDistribution_FracAtD_Actin_3of4,6.155709474609308e-32,0.17403969831875524,1.2444003460979433e-31,30.905039876775476,on,Cytoplasm,Actin
Cytoplasm_RadialDistribution_FracAtD_Actin_4of4,1.4829135376394252e-31,0.1729881905123875,2.970348153137507e-31,30.527192644243378,on,Cytoplasm,Actin
Cytoplasm_RadialDistribution_FracAtD_ER_3of4,1.2675528219048925e-9,0.09415869697811677,1.72062438841222e-9,8.76431392563048,on,Cytoplasm,ER
Cytoplasm_RadialDistribution_FracAtD_ER_4of4,9.037813791883074e-8,0.08413894011660243,1.159735090091246e-7,6.935641202195899,on,Cytoplasm,ER
Cytoplasm_RadialDistribution_FracAtD_Hoechst_1of4,2.38649724948386e-37,0.18830723639242364,5.191816863943364e-37,36.28468063523341,on,Cytoplasm,Hoechst
Cytoplasm_RadialDistribution_FracAtD_Hoechst_2of4,1.3379658727195935e-41,0.19877848496816525,3.1171758098467127e-41,40.506238702666025,on,Cytoplasm,Hoechst
Cytoplasm_RadialDistribution_FracAtD_Hoechst_3of4,1.1746035409880391e-52,0.22366355653260123,3.149855209914864e-52,51.50170940906126,on,Cytoplasm,Hoechst
Cytoplasm_RadialDistribution_FracAtD_Hoechst_4of4,1.1487457907593154e-53,0.2257943254889747,3.157849307652177e-53,52.50060859833552,on,Cytoplasm,Hoechst
Cytoplasm_RadialDistribution_FracAtD_Mitochondria_1of4,8.241169259224221e-9,0.08990083818297019,1.0872385950422317e-8,7.963675139317906,on,Cytoplasm,Mitochondria
Cytoplasm_RadialDistribution_FracAtD_Mitochondria_2of4,1.2022048910948127e-9,0.09427610881806107,1.6352973363339379e-9,8.786403270655816,on,Cytoplasm,Mitochondria
Cytoplasm_RadialDistribution_FracAtD_Mitochondria_3of4,7.229734600110762e-20,0.13682966277368036,1.1786440774870397e-19,18.928617321724275,on,Cytoplasm,Mitochondria
Cytoplasm_RadialDistribution_FracAtD_Mitochondria_4of4,5.319525585818117e-15,0.11850669735370668,7.997547619868428e-15,14.097043165312686,on,Cytoplasm,Mitochondria
Cytoplasm_RadialDistribution_FracAtD_PM_2of4,6.054725911438307e-11,0.1006908103160538,8.445764169458529e-11,10.073361049519296,on,Cytoplasm,PM
Cytoplasm_RadialDistribution_MeanFrac_Actin_1of4,6.648281635904843e-17,0.12599346172813913,1.0350523779121996e-16,15.985037672561964,on,Cytoplasm,Actin
Cytoplasm_RadialDistribution_MeanFrac_Actin_2of4,8.109666964090711e-23,0.14681390815226875,1.3984386339652485e-22,21.85435658650733,on,Cytoplasm,Actin
Cytoplasm_RadialDistribution_MeanFrac_Actin_3of4,3.471650124921325e-21,0.1413807312454181,5.789020639779977e-21,20.237394902026463,on,Cytoplasm,Actin
Cytoplasm_RadialDistribution_MeanFrac_Actin_4of4,1.0466337085616742e-22,0.14645191497271295,1.8001003835733508e-22,21.744703275554258,on,Cytoplasm,Actin
Cytoplasm_RadialDistribution_MeanFrac_ER_3of4,0.00012191362949649869,0.06371927756846797,0.000142521805301067,3.8461186851469695,on,Cytoplasm,ER
Cytoplasm_RadialDistribution_MeanFrac_ER_4of4,0.07878160567302887,0.03672655150388731,0.08268293119357824,1.0825841355929888,off,Cytoplasm,ER
Cytoplasm_RadialDistribution_MeanFrac_Hoechst_1of4,1.9121344039369715e-14,0.1162292435782202,2.8358291272834994e-14,13.54731994108896,on,Cytoplasm,Hoechst
Cytoplasm_RadialDistribution_MeanFrac_Hoechst_2of4,3.796236995762283e-18,0.13065074472538507,6.009946280038119e-18,17.221129409925258,on,Cytoplasm,Hoechst
Cytoplasm_RadialDistribution_MeanFrac_Hoechst_3of4,3.624473771988453e-22,0.14467330155535496,6.1851409563543205e-22,21.208650398562053,on,Cytoplasm,Hoechst
Cytoplasm_RadialDistribution_MeanFrac_Hoechst_4of4,0.00005187193825156301,0.06646973789806253,0.00006162723947789674,4.210227285561023,on,Cytoplasm,Hoechst
Cytoplasm_RadialDistribution_MeanFrac_Mitochondria_1of4,4.3594621911068607e-10,0.09650141510060227,5.979471105547405e-10,9.22333722840297,on,Cytoplasm,Mitochondria
Cytoplasm_RadialDistribution_MeanFrac_Mitochondria_2of4,3.809174260654746e-9,0.09167993148523258,5.055813109596299e-9,8.296208988319655,on,Cytoplasm,Mitochondria
Cytoplasm_RadialDistribution_MeanFrac_Mitochondria_3of4,1.1352207213406288e-8,0.08915189780882952,1.4857370795234923e-8,7.828058037826306,on,Cytoplasm,Mitochondria
Cytoplasm_RadialDistribution_MeanFrac_Mitochondria_4of4,0.0003045004774172464,0.06063473736459048,0.00034913929086061233,3.4570012745207737,on,Cytoplasm,Mitochondria
Cytoplasm_RadialDistribution_MeanFrac_PM_2of4,0.12131193689933419,0.03417652310269905,0.12691392124659645,0.896490737330228,off,Cytoplasm,PM
Cytoplasm_RadialDistribution_MeanFrac_PM_3of4,0.2018878230707728,0.03089523008801569,0.20888236182283107,0.6800982306105053,off,Cytoplasm,PM
Cytoplasm_RadialDistribution_MeanFrac_PM_4of4,0.40824019033163517,0.025627213569097588,0.4171287792346568,0.37972984556143113,off,Cytoplasm,PM
Cytoplasm_RadialDistribution_RadialCV_Actin_1of4,0.0031659251058045773,0.05191706821036043,0.0034899543532107506,2.4571802533497977,on,Cytoplasm,Actin
Cytoplasm_RadialDistribution_RadialCV_Actin_2of4,0.010756954297221035,0.046721434331190005,0.011623879890253652,1.9346488862590334,on,Cytoplasm,Actin
Cytoplasm_RadialDistribution_RadialCV_Actin_3of4,0.0002869453710678266,0.060839568237953806,0.0003301630626822453,3.4812715154783813,on,Cytoplasm,Actin
Cytoplasm_RadialDistribution_RadialCV_Actin_4of4,4.5351268778510165e-6,0.07375119151422722,5.558914848410668e-6,5.25500997844365,on,Cytoplasm,Actin
Cytoplasm_RadialDistribution_RadialCV_ER_1of4,6.084675122317915e-13,0.10983053824370763,8.805355848816896e-13,12.055253088299228,on,Cytoplasm,ER
Cytoplasm_RadialDistribution_RadialCV_ER_2of4,0.007036999456529652,0.04858706687788001,0.0076292221830692765,2.1175197371198493,on,Cytoplasm,ER
Cytoplasm_RadialDistribution_RadialCV_ER_3of4,0.00003299755728719991,0.06788051953619444,0.000039560940032281644,4.402733397408975,on,Cytoplasm,ER
Cytoplasm_RadialDistribution_RadialCV_ER_4of4,5.155912566746376e-41,0.19736890304229435,1.1802907861854944e-40,39.928010983136275,on,Cytoplasm,ER
Cytoplasm_RadialDistribution_RadialCV_Hoechst_2of4,7.870123858611315e-12,0.10484357431713578,1.1191929383349857e-11,10.951095038734083,on,Cytoplasm,Hoechst
Cytoplasm_RadialDistribution_RadialCV_Hoechst_3of4,0.0007834134512683247,0.057276422822750195,0.0008858909423120299,3.0526197386855194,on,Cytoplasm,Hoechst
Cytoplasm_RadialDistribution_RadialCV_Hoechst_4of4,6.321187831957689e-39,0.19226004835000374,1.4078035273207465e-38,37.85145795098529,on,Cytoplasm,Hoechst
Cytoplasm_RadialDistribution_RadialCV_Mitochondria_1of4,1.0662181849325293e-38,0.1916960236256936,2.366572119934702e-38,37.625880256117846,on,Cytoplasm,Mitochondria
Cytoplasm_RadialDistribution_RadialCV_Mitochondria_2of4,5.623727061947019e-77,0.27016440376939993,1.9758228233685518e-76,75.70425200219942,on,Cytoplasm,Mitochondria
Cytoplasm_RadialDistribution_RadialCV_Mitochondria_3of4,1.9760719188072072e-125,0.34362486501237544,1.1489196908463143e-124,123.9397103273093,on,Cytoplasm,Mitochondria
Cytoplasm_RadialDistribution_RadialCV_Mitochondria_4of4,1.252013292347622e-144,0.36837436909131716,9.347417421277134e-144,143.02930836288323,on,Cytoplasm,Mitochondria
Cytoplasm_RadialDistribution_RadialCV_PM_1of4,0.00004484728536733588,0.06692690825032524,0.00005347489380460921,4.271850069217734,on,Cytoplasm,PM
Cytoplasm_RadialDistribution_RadialCV_PM_2of4,0.04314080980221272,0.040013203233336514,0.045495203916619195,1.3420343840535032,on,Cytoplasm,PM
Cytoplasm_RadialDistribution_RadialCV_PM_3of4,0.000010853546092159717,0.07122971626485104,0.000013156420263005414,4.880862262052484,on,Cytoplasm,PM
Cytoplasm_RadialDistribution_RadialCV_PM_4of4,4.281238172240896e-12,0.10605112469825237,6.1280467955604975e-12,11.212677926962902,on,Cytoplasm,PM
Cytoplasm_Texture_AngularSecondMoment_ER_3_01_256,6.640617278667326e-197,0.42774133051928825,7.271475920140723e-196,195.1383774297301,on,Cytoplasm,ER
Cytoplasm_Texture_AngularSecondMoment_Hoechst_3_01_256,8.054739471157503e-52,0.22188238372908642,2.1424954787653766e-51,50.66908008588052,on,Cytoplasm,Hoechst
Cytoplasm_Texture_AngularSecondMoment_Mitochondria_3_03_256,6.487e-321,0.555397193537102,1.46965e-319,318.8327867695125,on,Cytoplasm,Mitochondria
Cytoplasm_Texture_Contrast_ER_3_01_256,2.4474128253295684e-120,0.3367205209502553,1.339958521867939e-119,118.87290864492076,on,Cytoplasm,ER
Cytoplasm_Texture_Contrast_ER_3_03_256,5.936417724226957e-126,0.34432509706871905,3.545660404379192e-125,124.45030286252155,on,Cytoplasm,ER
Cytoplasm_Texture_Contrast_Hoechst_3_01_256,1.7648193368989395e-211,0.44266607096953864,2.1471968598937097e-210,209.66812813663208,on,Cytoplasm,Hoechst
Cytoplasm_Texture_Contrast_Hoechst_3_03_256,4.755588796954205e-212,0.44323521446616243,5.8951355464130426e-211,210.22950620475336,on,Cytoplasm,Hoechst
Cytoplasm_Texture_Contrast_Mitochondria_3_01_256,4.828748832847271e-87,0.28710242135526215,1.866169401870975e-86,85.72904893563853,on,Cytoplasm,Mitochondria
Cytoplasm_Texture_Contrast_Mitochondria_3_03_256,2.5830102542584833e-95,0.3002599056642255,1.1091749915345252e-94,93.95499993098112,on,Cytoplasm,Mitochondria
Cytoplasm_Texture_Contrast_PM_3_01_256,2.584826450320174e-30,0.1695201422890734,5.0845238858094444e-30,29.293749708119122,on,Cytoplasm,PM
Cytoplasm_Texture_Contrast_PM_3_03_256,3.901050091059632e-32,0.17458364785789776,7.910462684648699e-32,31.101798113782582,on,Cytoplasm,PM
Cytoplasm_Texture_Correlation_Actin_3_01_256,9.471720431542886e-227,0.45768582863086116,1.3240256007497183e-225,224.87810361749686,on,Cytoplasm,Actin
Cytoplasm_Texture_Correlation_ER_3_00_256,3.402293123870322e-10,0.09703760650045692,4.676373603311301e-10,9.330090799611355,on,Cytoplasm,ER
Cytoplasm_Texture_Correlation_ER_3_01_256,0.00010440231611762162,0.06422707577814538,0.00012270540552643543,3.911136304929125,on,Cytoplasm,ER
Cytoplasm_Texture_Correlation_ER_3_02_256,0.00004065206935142202,0.06723355470423974,0.00004856074466160776,4.313714662131574,on,Cytoplasm,ER
Cytoplasm_Texture_Correlation_ER_3_03_256,0.0016587444907539904,0.054463097570678645,0.0018471103905514776,2.7335071486449065,on,Cytoplasm,ER
Cytoplasm_Texture_Correlation_Hoechst_3_00_256,1.996798044694031e-33,0.17808208879182416,4.099675985512433e-33,32.38725046602772,on,Cytoplasm,Hoechst
Cytoplasm_Texture_Correlation_Hoechst_3_01_256,1.3871072806387695e-34,0.18116278991646642,2.9115957935452765e-34,33.53586891672761,on,Cytoplasm,Hoechst
Cytoplasm_Texture_Correlation_Hoechst_3_02_256,6.5505042603757945e-22,0.1438185465597931,1.1091962110997158e-21,20.954991622596967,on,Cytoplasm,Hoechst
Cytoplasm_Texture_Correlation_Hoechst_3_03_256,4.5871501881350685e-26,0.15706153036255785,8.660223200013621e-26,25.06247091476266,on,Cytoplasm,Hoechst
Cytoplasm_Texture_Correlation_Mitochondria_3_00_256,5.044068804953268e-15,0.11860035489088297,7.618283229550108e-15,14.118142885344778,on,Cytoplasm,Mitochondria
Cytoplasm_Texture_Correlation_Mitochondria_3_01_256,1.755972876152696e-11,0.10323020126852776,2.481019741144777e-11,10.605369780090493,on,Cytoplasm,Mitochondria
Cytoplasm_Texture_Correlation_Mitochondria_3_02_256,8.186290126855998e-7,0.07846294144812309,1.0264108040733571e-6,5.988678785194365,on,Cytoplasm,Mitochondria
Cytoplasm_Texture_Correlation_Mitochondria_3_03_256,0.00006213262807141614,0.06589835493855153,0.00007341931050884965,4.134189698333911,on,Cytoplasm,Mitochondria
Cytoplasm_Texture_Correlation_PM_3_00_256,3.6810206959801365e-8,0.08634545090705445,4.7700800734890524e-8,7.321474330565219,on,Cytoplasm,PM
Cytoplasm_Texture_Correlation_PM_3_01_256,1.2162547088074456e-7,0.08339687809275824,1.5486033792373872e-7,6.810059797389064,on,Cytoplasm,PM
Cytoplasm_Texture_Correlation_PM_3_02_256,0.0009248079992757675,0.05666624916679983,0.0010404089991852385,2.9827958999598363,on,Cytoplasm,PM
Cytoplasm_Texture_Correlation_PM_3_03_256,0.0033296210429115056,0.051713277087623306,0.003664256323606129,2.436014153990518,on,Cytoplasm,PM
Cytoplasm_Texture_DifferenceEntropy_ER_3_01_256,6.581412887627183e-135,0.3560860363250478,4.3676649163344035e-134,133.3597506877413,on,Cytoplasm,ER
Cytoplasm_Texture_DifferenceEntropy_ER_3_03_256,6.718241775357692e-140,0.36245138965870427,4.695622177031919e-139,138.3283068549102,on,Cytoplasm,ER
Cytoplasm_Texture_DifferenceEntropy_Hoechst_3_01_256,5.096526873497545e-38,0.18999763096818859,1.1198722929390929e-37,36.950831500217426,on,Cytoplasm,Hoechst
Cytoplasm_Texture_DifferenceEntropy_Mitochondria_3_03_256,6.295910774634652e-112,0.32496302086907475,3.2315729522929426e-111,110.4905860354954,on,Cytoplasm,Mitochondria
Cytoplasm_Texture_DifferenceEntropy_PM_3_01_256,3.4063658938803445e-44,0.20489741740340997,8.350680568206666e-44,43.07827812871133,on,Cytoplasm,PM
Cytoplasm_Texture_DifferenceEntropy_PM_3_03_256,1.189539949435653e-44,0.20595596352170895,2.9270702126562697e-44,43.533566859867726,on,Cytoplasm,PM
Cytoplasm_Texture_DifferenceVariance_ER_3_03_256,6.069380151270544e-145,0.36876331580633703,4.583428459062928e-144,143.3388095429932,on,Cytoplasm,ER
Cytoplasm_Texture_DifferenceVariance_Hoechst_3_00_256,5.574343565846106e-42,0.19968754693874222,1.3173898283312562e-41,40.88028569410284,on,Cytoplasm,Hoechst
Cytoplasm_Texture_DifferenceVariance_Mitochondria_3_03_256,1.4854063000050226e-149,0.3744318762587981,1.1757975169919275e-148,147.92966746127385,on,Cytoplasm,Mitochondria
Cytoplasm_Texture_DifferenceVariance_PM_3_03_256,1.5387407134750606e-31,0.17294356121627788,3.0728044035049083e-31,30.512465083473536,on,Cytoplasm,PM
Cytoplasm_Texture_InfoMeas1_ER_3_00_256,2.6416383750154112e-61,0.24127869171857821,7.679453152146572e-61,60.11466970463787,on,Cytoplasm,ER
Cytoplasm_Texture_InfoMeas1_ER_3_01_256,1.1253441564659261e-60,0.24004290810891915,3.2570533515335397e-60,59.48717512749995,on,Cytoplasm,ER
Cytoplasm_Texture_InfoMeas1_ER_3_02_256,5.160827427355154e-77,0.27022878832740754,1.822937429985127e-76,75.7392282376964,on,Cytoplasm,ER
Cytoplasm_Texture_InfoMeas1_ER_3_03_256,9.151342328762904e-83,0.2800361961187229,3.416154494316607e-82,81.46646249673246,on,Cytoplasm,ER
Cytoplasm_Texture_InfoMeas1_Hoechst_3_00_256,1.103051823745821e-40,0.1965702945805478,2.5163369729201545e-40,39.5992312011916,on,Cytoplasm,Hoechst
Cytoplasm_Texture_InfoMeas1_Hoechst_3_01_256,4.7170698505444616e-6,0.07363945831231837,5.76043660187307e-6,5.239544598764572,on,Cytoplasm,Hoechst
Cytoplasm_Texture_InfoMeas1_Hoechst_3_02_256,7.632119897364223e-53,0.22405906167464795,2.055042119905039e-52,51.68717927244733,on,Cytoplasm,Hoechst
Cytoplasm_Texture_InfoMeas1_Hoechst_3_03_256,7.701102855353953e-11,0.10018989045667287,1.0719543593151583e-10,9.969823705239836,on,Cytoplasm,Hoechst
Cytoplasm_Texture_InfoMeas1_PM_3_00_256,2.699203952765178e-22,0.14509751981084856,4.630227146127211e-22,21.334397703174293,on,Cytoplasm,PM
Cytoplasm_Texture_InfoMeas1_PM_3_01_256,1.1533091533271866e-23,0.14955597049603622,2.036892778860112e-23,22.691031831468646,on,Cytoplasm,PM
Cytoplasm_Texture_InfoMeas1_PM_3_02_256,1.461793677318646e-38,0.191354825458662,3.222813577175673e-38,37.49176481541397,on,Cytoplasm,PM
Cytoplasm_Texture_InfoMeas1_PM_3_03_256,1.4320286966871754e-36,0.18632339219761532,3.074649848769524e-36,35.51220433595554,on,Cytoplasm,PM
Cytoplasm_Texture_InfoMeas2_ER_3_00_256,9.958047606785845e-32,0.1734645562608264,2.006882600508681e-31,30.69747803231696,on,Cytoplasm,ER
Cytoplasm_Texture_InfoMeas2_ER_3_01_256,4.374605813585064e-14,0.11473136282993887,6.458687684326711e-14,13.189855715650825,on,Cytoplasm,ER
Cytoplasm_Texture_InfoMeas2_ER_3_02_256,9.233974089335729e-19,0.1328894877852496,1.4796880430959938e-18,17.82982983557969,on,Cytoplasm,ER
Cytoplasm_Texture_InfoMeas2_ER_3_03_256,1.6575921125713666e-8,0.08825859205928051,2.165085522782083e-8,7.664524943957842,on,Cytoplasm,ER
Cytoplasm_Texture_InfoMeas2_Hoechst_3_03_256,1.0197007043884248e-17,0.12906224571098868,1.602735317663146e-17,16.795138192910667,on,Cytoplasm,Hoechst
Cytoplasm_Texture_InfoMeas2_Mitochondria_3_00_256,3.1551686217242574e-64,0.2469367746839598,9.379845178610123e-64,63.027804329918396,on,Cytoplasm,Mitochondria
Cytoplasm_Texture_InfoMeas2_Mitochondria_3_01_256,1.1811645563389306e-43,0.2036395590881483,2.853033505568667e-43,42.544693128028115,on,Cytoplasm,Mitochondria
Cytoplasm_Texture_InfoMeas2_Mitochondria_3_02_256,3.6451229523173257e-40,0.1953082772627813,8.209401118124331e-40,39.08568852382825,on,Cytoplasm,Mitochondria
Cytoplasm_Texture_InfoMeas2_Mitochondria_3_03_256,1.1608175496754265e-33,0.17871345736438574,2.398292862065268e-33,32.62009778511835,on,Cytoplasm,Mitochondria
Cytoplasm_Texture_InfoMeas2_PM_3_00_256,5.997768282150983e-36,0.18472369586878284,1.2822476517046646e-35,34.892028087623984,on,Cytoplasm,PM
Cytoplasm_Texture_InfoMeas2_PM_3_01_256,1.0130186628235045e-23,0.14973680712417933,1.798792598581196e-23,22.745018908074275,on,Cytoplasm,PM
Cytoplasm_Texture_InfoMeas2_PM_3_02_256,2.6218011142604136e-24,0.15160483909539135,4.693524065583356e-24,23.32850095099014,on,Cytoplasm,PM
Cytoplasm_Texture_InfoMeas2_PM_3_03_256,7.38730545985774e-20,0.13679655071527644,1.201351407704588e-19,18.920329938388786,on,Cytoplasm,PM
Cytoplasm_Texture_InverseDifferenceMoment_Actin_3_02_256,1.93e-322,0.9153022339122185,2.272e-320,319.64355193354174,on,Cytoplasm,Actin
Cytoplasm_Texture_InverseDifferenceMoment_ER_3_01_256,1.1876497181910007e-167,0.39578299540638173,1.0688847463719006e-166,165.97106912052848,on,Cytoplasm,ER
Cytoplasm_Texture_InverseDifferenceMoment_ER_3_03_256,1.712852959134587e-167,0.39560359843295184,1.5207356677721944e-166,165.81794626786964,on,Cytoplasm,ER
Cytoplasm_Texture_InverseDifferenceMoment_Hoechst_3_00_256,5.154801245473582e-24,0.15067290261103777,9.17806075413589e-24,23.037249071821282,on,Cytoplasm,Hoechst
Cytoplasm_Texture_InverseDifferenceMoment_Mitochondria_3_00_256,5.749149480041268e-193,0.4236014434298078,6.092243884495344e-192,191.2152227193264,on,Cytoplasm,Mitochondria
Cytoplasm_Texture_InverseDifferenceMoment_Mitochondria_3_01_256,5.3168736559752365e-185,0.4150809269904706,5.137038223493722e-184,183.28928720278049,on,Cytoplasm,Mitochondria
Cytoplasm_Texture_InverseDifferenceMoment_Mitochondria_3_02_256,2.600431067043007e-217,0.44847067879239844,3.3499670804848154e-216,215.47495946067477,on,Cytoplasm,Mitochondria
Cytoplasm_Texture_InverseDifferenceMoment_Mitochondria_3_03_256,1.3682201103274037e-222,0.4536545554914109,1.7978412249702087e-221,220.74524866530803,on,Cytoplasm,Mitochondria
Cytoplasm_Texture_InverseDifferenceMoment_PM_3_01_256,2.0185542709012093e-78,0.27266404425562574,7.286759098802717e-78,77.13746558806956,on,Cytoplasm,PM
Cytoplasm_Texture_InverseDifferenceMoment_PM_3_03_256,5.380534181840205e-87,0.28702587971300964,2.067257869864921e-86,85.68460534607509,on,Cytoplasm,PM
Cytoplasm_Texture_SumAverage_Hoechst_3_01_256,1.8059600833807752e-17,0.12813454820995732,2.825037559002784e-17,16.548975773841278,on,Cytoplasm,Hoechst
Cytoplasm_Texture_SumEntropy_PM_3_01_256,6.122149639893787e-104,0.3133494062783982,2.873037366721584e-103,102.54165872553764,on,Cytoplasm,PM
Cytoplasm_Texture_SumVariance_ER_3_01_256,2.7750702512397535e-103,0.3123746800567352,1.2930646489819278e-102,101.88837976128028,on,Cytoplasm,ER
Cytoplasm_Texture_SumVariance_Hoechst_3_00_256,8.648507420256902e-118,0.33320856325818815,4.582314012184504e-117,116.33891515323343,on,Cytoplasm,Hoechst
Cytoplasm_Texture_SumVariance_Mitochondria_3_01_256,3.347015849086345e-97,0.3031761662282918,1.4562843793706813e-96,95.83675380886098,on,Cytoplasm,Mitochondria
Cytoplasm_Texture_SumVariance_PM_3_01_256,7.781480310768061e-35,0.18182303156410967,1.6386001808251977e-34,33.78552700155072,on,Cytoplasm,PM
Cells_AreaShape_Area,2.5340161478098667e-23,0.14845551442941926,4.4277888540188366e-23,22.353813097305704,on,Cells,no-channel
Cells_AreaShape_FormFactor,0.000943529485611945,0.056591946987434534,0.0010596561915334152,2.9748350199615934,on,Cells,no-channel
Cells_AreaShape_MaximumRadius,4.013764401252094e-41,0.1976314000850036,9.22043080986932e-41,40.03524878675786,on,Cells,no-channel
Cells_AreaShape_Orientation,0.12248802248285115,0.03411741727863989,0.12794058946142003,0.8929916526863607,off,Cells,no-channel
Cells_AreaShape_Solidity,1.0355760584339727e-21,0.1431531861398362,1.744547359977231e-21,20.75831723607681,on,Cells,no-channel
Cells_AreaShape_Zernike_1_1,8.235551551016068e-15,0.117733602772711,1.2325187628741587e-14,13.90920646065058,on,Cells,no-channel
Cells_AreaShape_Zernike_2_0,3.1829642938775155e-53,0.2248611093115427,8.677209714014638e-53,52.061619906231634,on,Cells,no-channel
Cells_AreaShape_Zernike_3_1,3.7778710795749055e-6,0.0742685074411753,4.639366914543389e-6,5.333541278988003,on,Cells,no-channel
Cells_AreaShape_Zernike_3_3,4.3500995867624525e-12,0.10601969223701388,6.213077018484634e-12,11.206693262756502,on,Cells,no-channel
Cells_AreaShape_Zernike_4_0,0.7862660848558473,0.018806049557074232,0.7898728100157365,0.10244283574177046,off,Cells,no-channel
Cells_AreaShape_Zernike_4_2,0.01910960098593149,0.04406983029190279,0.02048125260645512,1.6886434860049981,on,Cells,no-channel
Cells_AreaShape_Zernike_4_4,0.0018551082388162435,0.05403112117589717,0.002058794109632216,2.686387082969898,on,Cells,no-channel
Cells_AreaShape_Zernike_5_1,0.03240103258565907,0.0414845303502408,0.034390110514988706,1.463566428540515,on,Cells,no-channel
Cells_AreaShape_Zernike_5_3,5.679152199629072e-8,0.08528754463529467,7.330457750798233e-8,7.134868904971609,on,Cells,no-channel
Cells_AreaShape_Zernike_5_5,6.759003758153379e-8,0.08485908739647882,8.707187194327001e-8,7.060122118617399,on,Cells,no-channel
Cells_AreaShape_Zernike_6_0,0.07820312161036654,0.0367686214138401,0.0822071214368173,1.085090558776889,off,Cells,no-channel
Cells_AreaShape_Zernike_6_2,0.32570588717467613,0.027441338469381505,0.33488070089790645,0.47510988003568433,off,Cells,no-channel
Cells_AreaShape_Zernike_6_4,0.39042826917058976,0.025997604734480484,0.4001737485882644,0.3977514044984046,off,Cells,no-channel
Cells_AreaShape_Zernike_6_6,0.9693229411497158,0.014092140141108557,0.9693229411497158,0.013531508611266186,off,Cells,no-channel
Cells_AreaShape_Zernike_7_1,0.24802144090606876,0.02946237374428117,0.2562108281057975,0.5914025198402613,off,Cells,no-channel
Cells_AreaShape_Zernike_7_3,0.7228229193341792,0.01994641605157419,0.7306071661577781,0.1363160723273374,off,Cells,no-channel
Cells_AreaShape_Zernike_7_5,0.003528063285310186,0.05147813348446509,0.0038696787620180174,2.412325086059518,on,Cells,no-channel
Cells_AreaShape_Zernike_7_7,1.6371017926102799e-9,0.09358827378841458,2.213119090010193e-9,8.65499521565128,on,Cells,no-channel
Cells_AreaShape_Zernike_8_0,0.7053845108654071,0.020250663080966663,0.7140795433568142,0.14625340822828137,off,Cells,no-channel
Cells_AreaShape_Zernike_8_2,0.37381046972521315,0.026352639582922433,0.38373981032728915,0.4159631434427942,off,Cells,no-channel
Cells_AreaShape_Zernike_8_4,0.06489063798745474,0.03781645010260739,0.0683223544194836,1.165437176075323,off,Cells,no-channel
Cells_AreaShape_Zernike_8_8,0.03794768649739292,0.0406790435381978,0.04008300647714976,1.3970397111062005,on,Cells,no-channel
Cells_AreaShape_Zernike_9_1,0.6857900096829981,0.020589941708380664,0.6953148709285953,0.1578184821156561,off,Cells,no-channel
Cells_AreaShape_Zernike_9_3,0.5055999612704098,0.023745664839744836,0.5142092485366243,0.28886011642847453,off,Cells,no-channel
Cells_AreaShape_Zernike_9_5,0.1921222043348301,0.03123018975129005,0.19909193729965832,0.7009463274018681,off,Cells,no-channel
Cells_AreaShape_Zernike_9_9,0.000705016194797911,0.05766089061199562,0.0007986131723831509,3.0976635307981586,on,Cells,no-channel
Cells_Correlation_Correlation_Actin_ER,7.574664977470928e-49,0.2154261721868627,1.967017743161423e-48,47.70619172258074,on,Cells,Actin
Cells_Correlation_Correlation_Actin_Hoechst,4.121544429650104e-64,0.2467145879732205,1.2197543649910445e-63,62.91372761905448,on,Cells,Actin
Cells_Correlation_Correlation_Actin_PM,1.5477987360641432e-15,0.12066338009491803,2.3539439110975515e-15,14.628203889577135,on,Cells,Actin
Cells_Correlation_Correlation_ER_Hoechst,4.1538283528880597e-190,0.4205720100091194,4.331849568011834e-189,188.36332663351408,on,Cells,ER
Cells_Correlation_Correlation_ER_PM,2.715787272896213e-130,0.35007915701498155,1.683275696502653e-129,128.77384474696896,on,Cells,ER
Cells_Correlation_Correlation_Hoechst_Mitochondria,2.1812583300344264e-225,0.45636726487519236,2.9246667812910576e-224,223.5339236076297,on,Cells,Hoechst
Cells_Correlation_Correlation_Hoechst_PM,4.368047580167787e-118,0.3336173452159234,2.333176634284745e-117,116.63205238148426,on,Cells,Hoechst
Cells_Correlation_Correlation_Mitochondria_PM,8.888240415313884e-210,0.4409520020718231,1.0617407187020404e-208,207.9739815267433,on,Cells,Mitochondria
Cells_Correlation_K_Actin_Mitochondria,3.8e-322,0.890478747577181,2.538e-320,319.59550577739145,on,Cells,Actin
Cells_Correlation_K_Hoechst_PM,9.086715456268517e-210,0.4409475231460486,1.0660664383515029e-208,207.97221572878942,on,Cells,Hoechst
Cells_Correlation_K_Mitochondria_PM,1.7339317516731187e-212,0.4436756688275884,2.190756078556229e-211,210.65940597462284,on,Cells,Mitochondria
Cells_Correlation_K_PM_Mitochondria,7.399667841600613e-226,0.45682459518908985,1.0128295358190841e-224,223.9944636423818,on,Cells,PM
Cells_Correlation_Manders_Actin_Hoechst,1.0216062643053564e-30,0.1706543502606335,2.0156015484943518e-30,29.69559531666758,on,Cells,Actin
Cells_Correlation_Manders_ER_Hoechst,4.904798014188304e-12,0.10578270907505544,6.9901351308497086e-12,11.155514428544002,on,Cells,ER
Cells_Correlation_Manders_Mitochondria_Hoechst,2.6721859715878634e-25,0.15470897459953206,4.917720401493631e-25,24.30823616684177,on,Cells,Mitochondria
Cells_Correlation_Manders_PM_Hoechst,1.0774803853441539e-6,0.07772607817740992,1.3458262607815762e-6,5.871011001667763,on,Cells,PM
Cells_Correlation_Overlap_Actin_Mitochondria,2.088480021757874e-163,0.3908968872905522,1.7819887977856148e-162,161.74909503041988,on,Cells,Actin
Cells_Correlation_Overlap_Actin_PM,0.02955562063185223,0.04194609964746055,0.0314207811571633,1.502783022095906,on,Cells,Actin
Cells_Correlation_Overlap_Hoechst_PM,5.977993251420427e-292,0.5159213014350638,1.0614977205900598e-290,289.97408093408035,on,Cells,Hoechst
Cells_Correlation_Overlap_Mitochondria_PM,5.439212535854439e-9,0.09086316737793608,7.2047633791459005e-9,8.142380277836628,on,Cells,Mitochondria
Cells_Correlation_RWC_Actin_Mitochondria,2.3879689953126186e-68,0.25468715583254514,7.435524312418912e-68,67.12868840199584,on,Cells,Actin
Cells_Correlation_RWC_ER_PM,0.00009391871836460565,0.06457147317787301,0.0001107802476939783,3.9555376681475605,on,Cells,ER
Cells_Correlation_RWC_Hoechst_ER,1.2610104441955812e-53,0.22570810616781672,3.4520160909854036e-53,52.461927188562306,on,Cells,Hoechst
Cells_Correlation_RWC_Hoechst_PM,1.9244895406741186e-134,0.3554849804822811,1.264389628222896e-133,132.8981190753317,on,Cells,Hoechst
Cells_Correlation_RWC_Mitochondria_PM,0.00003574648988051933,0.0676329789063391,0.00004277858625045756,4.368773572120041,on,Cells,Mitochondria
Cells_Correlation_RWC_PM_Actin,1.2043991625746185e-128,0.347906078206203,7.326761572328929e-128,127.13508794105368,on,Cells,PM
Cells_Correlation_RWC_PM_ER,1.624580228412997e-91,0.29429877538171245,6.712888113631064e-91,90.17309059131314,on,Cells,PM
Cells_Correlation_RWC_PM_Mitochondria,2.043507973317062e-25,0.15506944814355725,3.7819288407586187e-25,24.422286646923183,on,Cells,PM
Cells_Granularity_1_Actin,2.683349647683926e-29,0.1666277160085925,5.18517858390688e-29,28.285236281383,on,Cells,Actin
Cells_Granularity_1_Hoechst,1.4165809306049598e-31,0.17304313733394183,2.846158016536571e-31,30.5457409918818,on,Cells,Hoechst
Cells_Granularity_2_ER,1.995153632239237e-18,0.13167401930321032,3.1815920785950946e-18,17.497355503310335,on,Cells,ER
Cells_Granularity_2_Hoechst,4.3377753380198034e-23,0.1476992958008951,7.539466658939182e-23,22.122659374988597,on,Cells,Hoechst
Cells_Granularity_2_Mitochondria,7.253358691837618e-46,0.20874305506567306,1.8188765879913418e-45,44.74019676711168,on,Cells,Mitochondria
Cells_Intensity_IntegratedIntensityEdge_Actin,0.0,0.9529757582941307,0.0,inf,on,Cells,Actin
Cells_Intensity_IntegratedIntensityEdge_ER,1.4571938221421166e-299,0.5221878784592303,2.7353609747067732e-298,297.56298535343336,on,Cells,ER
Cells_Intensity_IntegratedIntensityEdge_Hoechst,1.8633112364833556e-104,0.31411674224054104,8.870981756301194e-104,103.05202831390558,on,Cells,Hoechst
Cells_Intensity_IntegratedIntensityEdge_Mitochondria,2.9e-321,0.6864491220425694,1.12084e-319,318.9504574153696,on,Cells,Mitochondria
Cells_Intensity_IntegratedIntensityEdge_PM,7.735114675457568e-190,0.42027912025579783,7.94057865902441e-189,188.1001478477915,on,Cells,PM
Cells_Intensity_IntegratedIntensity_Hoechst,1.2860740523732265e-85,0.28477042066230834,4.884107817394277e-85,84.31121475750713,on,Cells,Hoechst
Cells_Intensity_LowerQuartileIntensity_Hoechst,9.429613143577926e-112,0.32471628004739345,4.80252390335713e-111,110.31853046486913,on,Cells,Hoechst
Cells_Intensity_MADIntensity_Actin,4.2e-322,0.8854406759082901,2.538e-320,319.59550577739145,on,Cells,Actin
Cells_Intensity_MADIntensity_Hoechst,2.117540519911528e-147,0.371798267903426,1.6562191923593737e-146,145.78088218703624,on,Cells,Hoechst
Cells_Intensity_MassDisplacement_Actin,0.0001410471736204275,0.06323819295180244,0.0001640141470241077,3.785118690308864,on,Cells,Actin
Cells_Intensity_MassDisplacement_Hoechst,9.624272709439687e-9,0.08953868504177957,1.2621052235732284e-8,7.89890443581121,on,Cells,Hoechst
Cells_Intensity_MaxIntensityEdge_ER,6.6652353998956426e-167,0.3949286403149069,5.838746210308584e-166,165.23368040158684,on,Cells,ER
Cells_Intensity_MaxIntensityEdge_Hoechst,8.236114813918457e-48,0.213127123590678,2.1137216534157917e-47,46.674952203568125,on,Cells,Hoechst
Cells_Intensity_MaxIntensityEdge_Mitochondria,2.4651622162030566e-168,0.3965665674744569,2.2494605222852894e-167,166.6479216242384,on,Cells,Mitochondria
Cells_Intensity_MaxIntensityEdge_PM,2.602504195463943e-72,0.2619165419365819,8.549226282099053e-72,71.06807318780044,on,Cells,PM
Cells_Intensity_MaxIntensity_Hoechst,3.629758704068808e-273,0.5000116771993405,6.275661759403176e-272,271.20234047171084,on,Cells,Hoechst
Cells_Intensity_MeanIntensityEdge_Hoechst,1.5427256782091223e-97,0.3036966014071185,6.802488393177136e-97,96.16733219056744,on,Cells,Hoechst
Cells_Intensity_MedianIntensity_Hoechst,2.9261956660825837e-139,0.36164342344132183,2.0026151589752682e-138,137.6984025007271,on,Cells,Hoechst
Cells_Intensity_MinIntensityEdge_Actin,3.25e-321,0.6670305793858401,1.1866e-319,318.92569658504533,on,Cells,Actin
Cells_Intensity_MinIntensityEdge_Hoechst,5.2943510711353495e-49,0.21576729037307693,1.380312957831716e-48,47.8600224350117,on,Cells,Hoechst
Cells_Intensity_MinIntensity_Actin,7.23e-321,0.5402393090041284,1.5319e-319,318.81476960041846,on,Cells,Actin
Cells_Intensity_StdIntensityEdge_Mitochondria,3.1578482906281196e-206,0.43735630446393736,3.5770798740390944e-205,204.44647136220854,on,Cells,Mitochondria
Cells_Intensity_StdIntensityEdge_PM,1.106799266551921e-124,0.34262110575399596,6.37865893091765e-124,123.19527061910372,on,Cells,PM
Cells_Intensity_UpperQuartileIntensity_Hoechst,1.7485712783723836e-123,0.3410077327053879,9.903545947333242e-123,122.00420927917693,on,Cells,Hoechst
Cells_Neighbors_AngleBetweenNeighbors_Adjacent,9.225333726361511e-25,0.15303241670517742,1.6789596283156545e-24,23.774959746631772,on,Cells,no-channel
Cells_Neighbors_FirstClosestDistance_Adjacent,6.541577179659782e-30,0.16837865606312982,1.2753163819099337e-29,28.894382061604365,on,Cells,no-channel
Cells_Neighbors_PercentTouching_Adjacent,1.0468517829777071e-59,0.23812592787745787,2.9903548757232766e-59,58.52427726939363,on,Cells,no-channel
Cells_Neighbors_SecondClosestDistance_Adjacent,2.435981795603899e-64,0.2471504034472372,7.27472745323528e-64,63.138183272826346,on,Cells,no-channel
Cells_RadialDistribution_FracAtD_Actin_1of4,4.048667019203982e-13,0.11060323292061632,5.911053848037813e-13,12.228335084332526,on,Cells,Actin
Cells_RadialDistribution_FracAtD_Actin_3of4,3.915162654141162e-17,0.12686773204314677,6.109885662163286e-17,16.213966916886115,on,Cells,Actin
Cells_RadialDistribution_FracAtD_Actin_4of4,8.742800349262757e-20,0.13653957234896782,1.418276501102625e-19,18.84823909270942,on,Cells,Actin
Cells_RadialDistribution_FracAtD_ER_2of4,1.0176495596142298e-10,0.09960603048964736,1.4135216927411182e-10,9.84969752218297,on,Cells,ER
Cells_RadialDistribution_FracAtD_ER_3of4,1.2104680729668312e-14,0.11704832712922132,1.803350394419973e-14,13.743919880832648,on,Cells,ER
Cells_RadialDistribution_FracAtD_ER_4of4,4.3094276576105686e-20,0.13761587420872978,7.078234927625359e-20,19.15007502716358,on,Cells,ER
Cells_RadialDistribution_FracAtD_Hoechst_1of4,2.496712113546225e-7,0.0815708360506816,3.1666792637063127e-7,6.499395921805363,on,Cells,Hoechst
Cells_RadialDistribution_FracAtD_Hoechst_2of4,6.746859456027651e-6,0.0726143441756929,8.223908464953926e-6,5.084921732174996,on,Cells,Hoechst
Cells_RadialDistribution_FracAtD_Hoechst_3of4,4.60962895048896e-22,0.1443267446735575,7.845922850961779e-22,21.10535596660749,on,Cells,Hoechst
Cells_RadialDistribution_FracAtD_Mitochondria_1of4,1.1128972250297755e-9,0.09444718778648128,1.5169574208393414e-9,8.819026609163194,on,Cells,Mitochondria
Cells_RadialDistribution_FracAtD_Mitochondria_2of4,5.922346172776933e-11,0.10073663932442443,8.278683905349883e-11,10.082038699214438,on,Cells,Mitochondria
Cells_RadialDistribution_FracAtD_Mitochondria_3of4,1.8367541023559742e-16,0.12429762845679092,2.8261064291519323e-16,15.548811486959133,on,Cells,Mitochondria
Cells_RadialDistribution_FracAtD_Mitochondria_4of4,1.5085574057741162e-15,0.12070784942939286,2.299587507177713e-15,14.638350059383567,on,Cells,Mitochondria
Cells_RadialDistribution_FracAtD_PM_1of4,0.00009563410261465767,0.06451268727708347,0.0001126014434011292,3.9484560423698603,on,Cells,PM
Cells_RadialDistribution_FracAtD_PM_3of4,1.5969113566287244e-9,0.0936437004948733,2.163238683103241e-9,8.66489555960122,on,Cells,PM
Cells_RadialDistribution_FracAtD_PM_4of4,0.00030163065198086063,0.06066744951890739,0.0003464533887262683,3.460355186393145,on,Cells,PM
Cells_RadialDistribution_MeanFrac_Actin_1of4,0.00025230353596936053,0.06128114233082337,0.0002908130230383682,3.536386149026683,on,Cells,Actin
Cells_RadialDistribution_MeanFrac_Actin_2of4,0.00019747304135150928,0.06211334273587823,0.00022801368746562672,3.6420390818926554,on,Cells,Actin
Cells_RadialDistribution_MeanFrac_Actin_3of4,0.001897512308007552,0.053943302238391146,0.002102302843779025,2.677304722223827,on,Cells,Actin
Cells_RadialDistribution_MeanFrac_Actin_4of4,3.733076612006274e-6,0.07430201940366622,4.592942573198731e-6,5.337908984649313,on,Cells,Actin
Cells_RadialDistribution_MeanFrac_ER_2of4,4.601468857111541e-53,0.22452415012783333,1.2492417517034226e-52,51.903353509367065,on,Cells,ER
Cells_RadialDistribution_MeanFrac_ER_3of4,4.3961658134526703e-73,0.2633000501159802,1.4513974570042233e-72,71.83821364218184,on,Cells,ER
Cells_RadialDistribution_MeanFrac_ER_4of4,1.0889547602539962e-64,0.24781912306152493,3.266864280761989e-64,63.48586890756327,on,Cells,ER
Cells_RadialDistribution_MeanFrac_Hoechst_1of4,2.5294375706221776e-10,0.09767457373023654,3.483942314253188e-10,9.457929044482091,on,Cells,Hoechst
Cells_RadialDistribution_MeanFrac_Hoechst_2of4,4.844331484179949e-23,0.14754365313023324,8.397693364396375e-23,22.075839987352506,on,Cells,Hoechst
Cells_RadialDistribution_MeanFrac_Hoechst_3of4,4.766703903860708e-24,0.1507812766186158,8.510120828360015e-24,23.070064273673637,on,Cells,Hoechst
Cells_RadialDistribution_MeanFrac_Hoechst_4of4,5.77352685520759e-37,0.18733171036258664,1.2518835458321408e-36,35.90243606869329,on,Cells,Hoechst
Cells_RadialDistribution_MeanFrac_Mitochondria_1of4,3.209281711316298e-45,0.20726676913808992,7.956596544659651e-45,44.099272663161784,on,Cells,Mitochondria
Cells_RadialDistribution_MeanFrac_Mitochondria_2of4,1.0618904733110056e-68,0.2553397193217179,3.3222001950730035e-68,67.4785742006035,on,Cells,Mitochondria
Cells_RadialDistribution_MeanFrac_Mitochondria_3of4,3.009959622521148e-86,0.2858031329765869,1.1497345767420898e-85,84.93940240761235,on,Cells,Mitochondria
Cells_RadialDistribution_MeanFrac_Mitochondria_4of4,1.0307755743648393e-69,0.25720063300018126,3.27159204037536e-69,68.48524085709728,on,Cells,Mitochondria
Cells_RadialDistribution_MeanFrac_PM_1of4,5.889889309454456e-14,0.11418813311815294,8.656951401144468e-14,13.062635020541393,on,Cells,PM
Cells_RadialDistribution_MeanFrac_PM_3of4,2.1286622523720815e-35,0.18329571835490976,4.496884565300507e-35,34.34708826059671,on,Cells,PM
Cells_RadialDistribution_MeanFrac_PM_4of4,4.631446359073688e-20,0.13750662041216036,7.5881801942928e-20,19.119862364597044,on,Cells,PM
Cells_RadialDistribution_RadialCV_Actin_1of4,6.792904540387597e-23,0.14706512789972453,1.1744574429038557e-22,21.930162715495037,on,Cells,Actin
Cells_RadialDistribution_RadialCV_Actin_2of4,3.986807838482507e-19,0.13420141313307415,6.419933210497567e-19,18.192469490071836,on,Cells,Actin
Cells_RadialDistribution_RadialCV_Actin_3of4,9.693205704644254e-8,0.08396458193466878,1.241410555156194e-7,6.906084566324068,on,Cells,Actin
Cells_RadialDistribution_RadialCV_Actin_4of4,1.8376393911311499e-9,0.09332937588248834,2.4740349999450114e-9,8.606594160739448,on,Cells,Actin
Cells_RadialDistribution_RadialCV_ER_1of4,7.6160864603085275e-34,0.17920174025461733,1.5834711406400958e-33,32.800389847400986,on,Cells,ER
Cells_RadialDistribution_RadialCV_ER_2of4,1.8251042148758948e-16,0.12430866580959223,2.8147734018156405e-16,15.55055656148835,on,Cells,ER
Cells_RadialDistribution_RadialCV_ER_3of4,0.43822730163089973,0.0250243981483481,0.4470735049246912,0.34962106711689156,off,Cells,ER
Cells_RadialDistribution_RadialCV_ER_4of4,1.6430940157676464e-28,0.16435074211801043,3.16572659342916e-28,27.49952659550408,on,Cells,ER
Cells_RadialDistribution_RadialCV_Hoechst_1of4,1.4199385858969067e-6,0.07697873741961728,1.7601880206306938e-6,5.75444093902617,on,Cells,Hoechst
Cells_RadialDistribution_RadialCV_Hoechst_2of4,5.352349132144015e-13,0.11007431977514513,7.779852610218181e-13,12.109028630667801,on,Cells,Hoechst
Cells_RadialDistribution_RadialCV_Hoechst_3of4,1.858542401642789e-39,0.19357413317989813,4.16744832040721e-39,38.38012977705511,on,Cells,Hoechst
Cells_RadialDistribution_RadialCV_Hoechst_4of4,3.7462359727184905e-23,0.14790580627142386,6.528586297283947e-23,22.185180850847093,on,Cells,Hoechst
Cells_RadialDistribution_RadialCV_Mitochondria_1of4,5.760511421421685e-13,0.10993467326796341,8.354649015174497e-13,12.078071790411494,on,Cells,Mitochondria
Cells_RadialDistribution_RadialCV_Mitochondria_2of4,1.3525965344895514e-38,0.19143776556630657,2.9921074853859776e-38,37.524022809379915,on,Cells,Mitochondria
Cells_RadialDistribution_RadialCV_Mitochondria_3of4,4.40527663562103e-89,0.29040866838497453,1.7330938620377345e-88,87.76117791584282,on,Cells,Mitochondria
Cells_RadialDistribution_RadialCV_Mitochondria_4of4,1.098389218963042e-99,0.3069720558221316,4.942751485333689e-99,98.30603122471247,on,Cells,Mitochondria
Cells_RadialDistribution_RadialCV_PM_1of4,0.0006440437225159852,0.05798849204006911,0.0007308060892797966,3.13619784264189,on,Cells,PM
Cells_RadialDistribution_RadialCV_PM_2of4,1.101917863484455e-12,0.1086941707900777,1.5911209589215098e-12,11.7982968035116,on,Cells,PM
Cells_RadialDistribution_RadialCV_PM_3of4,1.454295574062029e-23,0.14923268803210238,2.5615876465382118e-23,22.591490779839678,on,Cells,PM
Cells_RadialDistribution_RadialCV_PM_4of4,2.3170588158617723e-18,0.13143671621798228,3.685974920148146e-18,17.433447624102925,on,Cells,PM
Cells_Texture_AngularSecondMoment_Hoechst_3_01_256,1.4020239380329538e-50,0.21921070450463162,3.684518909150603e-50,49.43361921031266,on,Cells,Hoechst
Cells_Texture_AngularSecondMoment_PM_3_01_256,4.560713647932417e-166,0.3939682306595586,3.942616929857366e-165,164.40421541753264,on,Cells,PM
Cells_Texture_Contrast_Hoechst_3_00_256,9.118127639393371e-189,0.41913395491225386,9.216322860125301e-188,187.03544231973737,on,Cells,Hoechst
Cells_Texture_Contrast_PM_3_01_256,1.468109827050347e-46,0.2103175574370243,3.7098006014310695e-46,45.430649432709856,on,Cells,PM
Cells_Texture_Contrast_PM_3_03_256,1.59309760650614e-48,0.21471250335319578,4.104569127351114e-48,47.38673242573945,on,Cells,PM
Cells_Texture_Correlation_Actin_3_00_256,5.68e-321,0.5797763864314782,1.46965e-319,318.8327867695125,on,Cells,Actin
Cells_Texture_Correlation_Actin_3_02_256,1.109922834e-314,0.5343642380811386,2.2788103186e-313,312.6422918227018,on,Cells,Actin
Cells_Texture_Correlation_Hoechst_3_00_256,1.6129452206549286e-59,0.23775193757529195,4.587467575628953e-59,58.33842699233662,on,Cells,Hoechst
Cells_Texture_Correlation_Hoechst_3_01_256,1.5041741927701878e-81,0.27799324609985543,5.55192384634839e-81,80.25555649956644,on,Cells,Hoechst
Cells_Texture_Correlation_Hoechst_3_02_256,1.331139473201451e-41,0.1987851233760095,3.112308305670297e-41,40.50691738828283,on,Cells,Hoechst
Cells_Texture_Correlation_Hoechst_3_03_256,2.024929236228615e-58,0.23555510446374542,5.7097790051596565e-58,57.243380700632784,on,Cells,Hoechst
Cells_Texture_Correlation_PM_3_00_256,4.622133125997196e-6,0.07369744440493392,5.655012036834558e-6,5.247566466330875,on,Cells,PM
Cells_Texture_Correlation_PM_3_01_256,2.537784881260945e-6,0.07538224032348081,3.1340689229106035e-6,5.5038914569706145,on,Cells,PM
Cells_Texture_Correlation_PM_3_02_256,3.75581328396343e-11,0.10167817350686612,5.28387436309202e-11,10.277047517337703,on,Cells,PM
Cells_Texture_Correlation_PM_3_03_256,5.207188893285383e-15,0.11854452828033725,7.846612621303891e-15,14.105317787505829,on,Cells,PM
Cells_Texture_DifferenceVariance_Hoechst_3_01_256,9.130343493279602e-42,0.1991765494963688,2.142369883958821e-41,40.66910554531826,on,Cells,Hoechst
Cells_Texture_InfoMeas1_Hoechst_3_00_256,0.0014051368371182469,0.05509782533757104,0.001570025343514776,2.8040933371068273,on,Cells,Hoechst
Cells_Texture_InfoMeas1_Hoechst_3_01_256,0.000010239210867595257,0.07140063527163645,0.000012434679371552836,4.905365408541257,on,Cells,Hoechst
Cells_Texture_InfoMeas1_Hoechst_3_02_256,0.00004558640633151614,0.06687564054637136,0.00005425773362283715,4.265538350929239,on,Cells,Hoechst
Cells_Texture_InfoMeas1_Hoechst_3_03_256,0.006634170992716065,0.0488406060690404,0.007204380730932982,2.1424033440237857,on,Cells,Hoechst
Cells_Texture_InfoMeas1_Mitochondria_3_00_256,1.5419832210737387e-41,0.19863188012986965,3.579798502634086e-41,40.44614141795303,on,Cells,Mitochondria
Cells_Texture_InfoMeas1_Mitochondria_3_01_256,2.076703840416537e-39,0.1934550417427884,4.640797357665527e-39,38.33340739481498,on,Cells,Mitochondria
Cells_Texture_InfoMeas1_Mitochondria_3_02_256,1.4651127339845676e-73,0.2641499262816806,4.911117684836025e-73,72.30881965876952,on,Cells,Mitochondria
Cells_Texture_InfoMeas1_Mitochondria_3_03_256,8.426810606672123e-55,0.2281635172620199,2.3459383765184682e-54,53.62968340018702,on,Cells,Mitochondria
Cells_Texture_InfoMeas1_PM_3_00_256,2.451049421193006e-34,0.18050942661911967,5.1284696488019265e-34,33.29001221037232,on,Cells,PM
Cells_Texture_InfoMeas1_PM_3_01_256,2.4166396474132457e-31,0.17240049146612677,4.811309843486371e-31,30.31773667407157,on,Cells,PM
Cells_Texture_InfoMeas1_PM_3_02_256,3.4416891645782427e-43,0.20255173999068063,8.282746451017968e-43,42.08182563293169,on,Cells,PM
Cells_Texture_InfoMeas1_PM_3_03_256,2.397147659382457e-40,0.19575129101036406,5.430779352463015e-40,39.26513784183164,on,Cells,PM
Cells_Texture_InfoMeas2_Hoechst_3_03_256,5.503544724022819e-14,0.11431234332757631,8.107239649513437e-14,13.091126989074374,on,Cells,Hoechst
Cells_Texture_InfoMeas2_PM_3_00_256,6.28666857023774e-53,0.22423637914682543,1.6997289097309446e-52,51.769620338854715,on,Cells,PM
Cells_Texture_InfoMeas2_PM_3_01_256,4.7174795148105655e-33,0.1770772098020011,9.655401997602933e-33,32.01522963988497,on,Cells,PM
Cells_Texture_InfoMeas2_PM_3_02_256,1.7526795948297653e-41,0.1984975923374538,4.0546144147998445e-41,40.392050439969935,on,Cells,PM
Cells_Texture_InfoMeas2_PM_3_03_256,2.227025575433612e-24,0.15182870540329607,3.9976934509832875e-24,23.398190511281097,on,Cells,PM
Cells_Texture_InverseDifferenceMoment_Hoechst_3_01_256,4.1185765187808965e-16,0.12293355561602105,6.307470332958156e-16,15.200144783499704,on,Cells,Hoechst
Cells_Texture_SumAverage_Hoechst_3_01_256,7.778764490400846e-31,0.1709861106912118,1.5393518886124566e-30,29.812662091140606,on,Cells,Hoechst
Cells_Texture_SumVariance_Hoechst_3_03_256,1.0565875656010608e-172,0.4015152205894938,9.916829008569957e-172,171.00362717504677,on,Cells,Hoechst
Cells_Texture_SumVariance_PM_3_01_256,1.5994952725038393e-25,0.15539816930307435,2.9769642890510547e-25,24.52622637501437,on,Cells,PM
Nuclei_AreaShape_Compactness,1.3746411997375034e-36,0.18636914122516857,2.9611123548443928e-36,35.52854511366332,on,Nuclei,no-channel
Nuclei_AreaShape_Eccentricity,1.1765369684261623e-10,0.09930074370962869,1.627336396328397e-10,9.788522662202643,on,Nuclei,no-channel
Nuclei_AreaShape_Extent,0.013770858538651063,0.045600503175318434,0.014831891901465163,1.8288034484347626,on,Nuclei,no-channel
Nuclei_AreaShape_FormFactor,1.3746411997375034e-36,0.18636914122516857,2.9611123548443928e-36,35.52854511366332,on,Nuclei,no-channel
Nuclei_AreaShape_MajorAxisLength,4.506e-321,0.614788469133563,1.46965e-319,318.8327867695125,on,Nuclei,no-channel
Nuclei_AreaShape_MinFeretDiameter,6.32e-321,0.5604632584920832,1.46965e-319,318.8327867695125,on,Nuclei,no-channel
Nuclei_AreaShape_Orientation,0.006596899648383696,0.04886476027589543,0.007175766670510081,2.1441316913905832,on,Nuclei,no-channel
Nuclei_AreaShape_Solidity,2.0021574210024965e-46,0.21001387027335364,5.039913508040767e-46,45.297576916590764,on,Nuclei,no-channel
Nuclei_AreaShape_Zernike_0_0,3.660013526796968e-15,0.1191639797111061,5.540619555542876e-15,14.256441669475688,on,Nuclei,no-channel
Nuclei_AreaShape_Zernike_1_1,0.8741401782055255,0.01702935567933387,0.8768093085206569,0.05709484820996058,off,Nuclei,no-channel
Nuclei_AreaShape_Zernike_2_0,7.009257411181399e-18,0.1296673005946254,1.1043362396034003e-17,16.956898675907976,on,Nuclei,no-channel
Nuclei_AreaShape_Zernike_2_2,3.8819270656797307e-8,0.08621636186776964,5.020523783762959e-8,7.2992509711953355,on,Nuclei,no-channel
Nuclei_AreaShape_Zernike_3_1,0.004553649310781057,0.05042894512180199,0.00497794941295034,2.3029495211039124,on,Nuclei,no-channel
Nuclei_AreaShape_Zernike_3_3,0.012351939932444718,0.046097344013011916,0.01332549184830243,1.875316752052874,on,Nuclei,no-channel
Nuclei_AreaShape_Zernike_4_0,0.029016735402992846,0.04203783764501922,0.03089788518600697,1.5100712449595846,on,Nuclei,no-channel
Nuclei_AreaShape_Zernike_4_2,1.125103308622597e-27,0.16189885017977287,2.1613826718276204e-27,26.665268334666912,on,Nuclei,no-channel
Nuclei_AreaShape_Zernike_4_4,3.4582291488366392e-9,0.09190035861798906,4.618001119483074e-9,8.33554596613836,on,Nuclei,no-channel
Nuclei_AreaShape_Zernike_5_1,0.0033821854635487005,0.0516497723186071,0.003715879347076081,2.429938395795123,on,Nuclei,no-channel
Nuclei_AreaShape_Zernike_5_3,0.2596497924650053,0.029133252680677065,0.26780206224412634,0.5721860829707761,off,Nuclei,no-channel
Nuclei_AreaShape_Zernike_5_5,7.554250077532201e-7,0.0786771300771223,9.489755833534715e-7,6.022744961599336,on,Nuclei,no-channel
Nuclei_AreaShape_Zernike_6_0,0.08954870232350737,0.035988728463365344,0.09383332922893835,1.0276428745289168,off,Nuclei,no-channel
Nuclei_AreaShape_Zernike_6_2,1.2070779424394652e-27,0.16180839187529264,2.312099732311162e-27,26.6359934365758,on,Nuclei,no-channel
Nuclei_AreaShape_Zernike_6_4,0.00010919979234348813,0.06408039095903238,0.00012811475637441376,3.8924008449399987,on,Nuclei,no-channel
Nuclei_AreaShape_Zernike_6_6,7.608165345693459e-8,0.08456643758560947,9.781926873034447e-8,7.0095755881673965,on,Nuclei,no-channel
Nuclei_AreaShape_Zernike_7_1,0.028060363515826643,0.04220451766848239,0.029928017581003417,1.5239220496865375,on,Nuclei,no-channel
Nuclei_AreaShape_Zernike_7_3,0.17812558882009605,0.031734148881732205,0.18487916564739826,0.7331120274789067,off,Nuclei,no-channel
Nuclei_AreaShape_Zernike_7_5,0.4608345229403642,0.024584903556730955,0.46940818848344074,0.32844933872090404,off,Nuclei,no-channel
Nuclei_AreaShape_Zernike_7_7,1.9167774318824916e-8,0.08791347483219625,2.4986562951325338e-8,7.6022934795251285,on,Nuclei,no-channel
Nuclei_AreaShape_Zernike_8_0,0.0014329688192577079,0.05502320323493613,0.001598404947796798,2.796313184775299,on,Nuclei,no-channel
Nuclei_AreaShape_Zernike_8_2,0.0005805600708283348,0.05836232238060024,0.0006599099767027958,3.1805153058033273,on,Nuclei,no-channel
Nuclei_AreaShape_Zernike_8_4,0.2773016799413203,0.02865360771872474,0.2855598804411402,0.544302808544806,off,Nuclei,no-channel
Nuclei_AreaShape_Zernike_8_6,1.7197030530355725e-7,0.08252244781611578,2.185386665076153e-7,6.66047171125546,on,Nuclei,no-channel
Nuclei_AreaShape_Zernike_8_8,6.281969593055073e-9,0.09053068712000113,8.304334049571798e-9,8.0806951892442,on,Nuclei,no-channel
Nuclei_AreaShape_Zernike_9_1,0.40189337384198576,0.025758062186365224,0.4112834059410976,0.3858588126245383,off,Nuclei,no-channel
Nuclei_AreaShape_Zernike_9_3,0.7572725600941762,0.019335522568267226,0.7642520306941225,0.11676339863644317,off,Nuclei,no-channel
Nuclei_AreaShape_Zernike_9_5,0.006388755428734302,0.04900200735855512,0.006960882780561254,2.157335679582704,on,Nuclei,no-channel
Nuclei_AreaShape_Zernike_9_7,0.032676175704693534,0.0414419005745662,0.034626205545134923,1.4605950972780934,on,Nuclei,no-channel
Nuclei_AreaShape_Zernike_9_9,8.449394468813642e-9,0.08984285209035466,1.1124753839700527e-8,7.953709589986803,on,Nuclei,no-channel
Nuclei_Correlation_Correlation_Actin_ER,1.0911155956977488e-57,0.2340804981333277,3.063516864843679e-57,56.51377972450833,on,Nuclei,Actin
Nuclei_Correlation_Correlation_Actin_Hoechst,7.148773245836965e-15,0.11798458257771456,1.0723159868755447e-14,13.969677219181536,on,Nuclei,Actin
Nuclei_Correlation_Correlation_Actin_Mitochondria,1.0649354565370658e-196,0.4275309009887069,1.1469878605653317e-195,194.94044117853934,on,Nuclei,Actin
Nuclei_Correlation_Correlation_Actin_PM,1.9399177328160218e-8,0.08788468173793197,2.5238137632873787e-8,7.597942695608863,on,Nuclei,Actin
Nuclei_Correlation_Correlation_ER_Hoechst,0.0004415166480122033,0.059337048602263236,0.000502732127805923,3.298663359683447,on,Nuclei,ER
Nuclei_Correlation_Correlation_ER_Mitochondria,5.403374102006497e-158,0.38455824754990764,4.437520981272836e-157,156.35285958052174,on,Nuclei,ER
Nuclei_Correlation_Correlation_ER_PM,7.763265711997422e-34,0.1791793456257451,1.6089796759565637e-33,32.79344944171555,on,Nuclei,ER
Nuclei_Correlation_Correlation_Hoechst_Mitochondria,0.0027801155500717747,0.05243878308226555,0.003069808262852363,2.512888749273834,on,Nuclei,Hoechst
Nuclei_Correlation_Correlation_Hoechst_PM,5.52044388582271e-294,0.5176062573152456,1.0074810091626447e-292,291.9967631314832,on,Nuclei,Hoechst
Nuclei_Correlation_Correlation_Mitochondria_PM,2.935036145824803e-78,0.27238371149063606,1.0423344582739976e-77,76.98199290476364,on,Nuclei,Mitochondria
Nuclei_Correlation_K_ER_Hoechst,1.419142872922742e-113,0.32730309962458604,7.399816408811441e-113,112.13077905508376,on,Nuclei,ER
Nuclei_Correlation_K_ER_Mitochondria,1.4800571775673563e-19,0.1357330457862986,2.395067895718604e-19,18.620682170634392,on,Nuclei,ER
Nuclei_Correlation_K_ER_PM,9.56538423938534e-21,0.13987813162891014,1.5790094083608464e-20,19.801615282286175,on,Nuclei,ER
Nuclei_Correlation_K_Hoechst_Actin,2.67e-322,0.9052731192950683,2.504e-320,319.6013787369044,on,Nuclei,Hoechst
Nuclei_Correlation_K_Hoechst_ER,1.5209184020348734e-89,0.29115057044718395,6.0560205462843144e-89,88.21781266007291,on,Nuclei,Hoechst
Nuclei_Correlation_K_Hoechst_Mitochondria,1.9357041243704886e-266,0.49415668146151825,3.179394024278528e-265,264.4976556463646,on,Nuclei,Hoechst
Nuclei_Correlation_K_Mitochondria_ER,8.407871901542824e-48,0.21310824811777143,2.1494053849469401e-47,46.66768166741127,on,Nuclei,Mitochondria
Nuclei_Correlation_K_Mitochondria_Hoechst,2.5243047349497055e-271,0.49841565998810844,4.252482591953735e-270,269.37135745554815,on,Nuclei,Mitochondria
Nuclei_Correlation_K_Mitochondria_PM,3.543409477329802e-119,0.33512442375820584,1.9082131365620327e-118,117.71937311869735,on,Nuclei,Mitochondria
Nuclei_Correlation_K_PM_Actin,3.26e-322,0.897951835231838,2.538e-320,319.59550577739145,on,Nuclei,PM
Nuclei_Correlation_K_PM_ER,0.0001374673394872508,0.06332329254151685,0.00016013482631759533,3.7955142069142473,on,Nuclei,PM
Nuclei_Correlation_K_PM_Hoechst,4.588046519359299e-235,0.4656160066569634,6.698547918264577e-234,233.17401933154284,on,Nuclei,PM
Nuclei_Correlation_K_PM_Mitochondria,1.2733267483264977e-81,0.278118096155818,4.726416235313611e-81,80.32546803455725,on,Nuclei,PM
Nuclei_Correlation_Overlap_Actin_Hoechst,6.470032569558915e-18,0.1297959897298232,1.021829663028896e-17,16.990621494193608,on,Nuclei,Actin
Nuclei_Correlation_Overlap_Actin_PM,1.8433584386744e-67,0.2530397909365418,5.6329604381817714e-67,66.24926329892259,on,Nuclei,Actin
Nuclei_Correlation_Overlap_ER_Hoechst,7.075071586717481e-62,0.24239602373766675,2.0659209033215044e-61,60.68488631007128,on,Nuclei,ER
Nuclei_Correlation_Overlap_ER_Mitochondria,5.953e-321,0.5714108728162638,1.46965e-319,318.8327867695125,on,Nuclei,ER
Nuclei_Correlation_Overlap_ER_PM,2.217572265432017e-207,0.43852938311275425,2.5560438217347987e-206,205.59243170474895,on,Nuclei,ER
Nuclei_Correlation_Overlap_Hoechst_Mitochondria,0.018089094341549098,0.04432992791009004,0.0194509574179996,1.711059016902766,on,Nuclei,Hoechst
Nuclei_Correlation_Overlap_Hoechst_PM,6.06e-321,0.5682224375305827,1.46965e-319,318.8327867695125,on,Nuclei,Hoechst
Nuclei_Correlation_Overlap_Mitochondria_PM,1.0247074803762513e-122,0.3399636631150385,5.754126620574334e-122,121.2400205856136,on,Nuclei,Mitochondria
Nuclei_Correlation_RWC_Actin_ER,1.2872775385122324e-119,0.33573251791290376,6.98959787440113e-119,118.15554780936908,on,Nuclei,Actin
Nuclei_Correlation_RWC_Actin_Hoechst,5.3267270906382444e-105,0.3149197496472446,2.5732791901097993e-104,103.58951309208491,on,Nuclei,Actin
Nuclei_Correlation_RWC_Actin_Mitochondria,5.273372136631684e-11,0.1009775415464355,7.387218536816667e-11,10.131519053012354,on,Nuclei,Actin
Nuclei_Correlation_RWC_Actin_PM,1.6735025730622342e-93,0.2974353031169004,7.093491551625083e-93,92.14913994417492,on,Nuclei,Actin
Nuclei_Correlation_RWC_ER_Actin,1.4921632910062595e-24,0.15237649402167383,2.6932727532722873e-24,23.569719662465662,on,Nuclei,ER
Nuclei_Correlation_RWC_ER_Hoechst,1.5074172633644668e-122,0.33974003674958597,8.39299272907165e-122,121.0760831531201,on,Nuclei,ER
Nuclei_Correlation_RWC_ER_Mitochondria,1.033376579251046e-21,0.14315598546844524,1.744547359977231e-21,20.75831723607681,on,Nuclei,ER
Nuclei_Correlation_RWC_ER_PM,5.39819210388095e-26,0.1568455821555758,1.0162212642549524e-25,24.993011721793398,on,Nuclei,ER
Nuclei_Correlation_RWC_Hoechst_Actin,5.904744209805506e-104,0.31337627983304484,2.790947443051955e-103,102.55424834172972,on,Nuclei,Hoechst
Nuclei_Correlation_RWC_Hoechst_ER,3.097108783331555e-16,0.12341703965720861,4.754206707123439e-16,15.322921939601638,on,Nuclei,Hoechst
Nuclei_Correlation_RWC_Hoechst_Mitochondria,9.882576600347935e-126,0.3440282882553448,5.849416960746481e-125,124.23288741996045,on,Nuclei,Hoechst
Nuclei_Correlation_RWC_Hoechst_PM,1.913237540500577e-40,0.19598987378867053,4.349470810065326e-40,39.36156357942445,on,Nuclei,Hoechst
Nuclei_Correlation_RWC_Mitochondria_Actin,9.774748507020726e-7,0.07798793537358,1.2232399560214508e-6,5.912488341529494,on,Nuclei,Mitochondria
Nuclei_Correlation_RWC_Mitochondria_ER,1.1729463838126998e-101,0.30994710228698746,5.38899142772688e-101,100.268492507236,on,Nuclei,Mitochondria
Nuclei_Correlation_RWC_Mitochondria_Hoechst,3.73733571395276e-144,0.3677868300066912,2.75890962254715e-143,142.55926252607824,on,Nuclei,Mitochondria
Nuclei_Correlation_RWC_Mitochondria_PM,1.157862902243461e-141,0.36467493636326265,8.359515678834659e-141,140.07781888333878,on,Nuclei,Mitochondria
Nuclei_Correlation_RWC_PM_Actin,1.1414899486294193e-71,0.2607593794704278,3.712667803215488e-71,70.43031390821652,on,Nuclei,PM
Nuclei_Correlation_RWC_PM_ER,1.8940544369191143e-78,0.27271139289952695,6.875103674341758e-78,77.16272074842787,on,Nuclei,PM
Nuclei_Correlation_RWC_PM_Mitochondria,3.5049973090202126e-43,0.20253374430676546,8.404318365059416e-43,42.075497504389624,on,Nuclei,PM
Nuclei_Granularity_1_Actin,3.5049950249200717e-22,0.14472176993069982,5.996827425449185e-22,21.222078448953372,on,Nuclei,Actin
Nuclei_Granularity_1_ER,1.6840900010093624e-23,0.14902777717792165,2.958414787869388e-23,22.528940935324293,on,Nuclei,ER
Nuclei_Granularity_1_Hoechst,0.022738978542185474,0.04323547040477812,0.024331447723478596,1.6138320497369698,on,Nuclei,Hoechst
Nuclei_Granularity_1_Mitochondria,1.3502082227538718e-27,0.16166378655743208,2.578740704503761e-27,26.588592324502066,on,Nuclei,Mitochondria
Nuclei_Granularity_1_PM,1.723037890493217e-21,0.1424096844612788,2.8952324656113642e-21,20.53831655992306,on,Nuclei,PM
Nuclei_Intensity_IntegratedIntensityEdge_Hoechst,3.3617947987872413e-9,0.09196490313763148,4.49836900774586e-9,8.346944921631705,on,Nuclei,Hoechst
Nuclei_Intensity_IntegratedIntensity_Actin,7.46e-322,0.8429952560177967,3.063e-320,319.5138236536175,on,Nuclei,Actin
Nuclei_Intensity_IntegratedIntensity_ER,7.012508019500049e-75,0.2664925644233487,2.3871594657054573e-74,73.62211856852457,on,Nuclei,ER
Nuclei_Intensity_IntegratedIntensity_Hoechst,9.986266210228119e-231,0.4615005137167902,1.4262993261130162e-229,228.8457893229851,on,Nuclei,Hoechst
Nuclei_Intensity_IntegratedIntensity_Mitochondria,5.854404727220546e-247,0.47668079287863596,8.944985827404416e-246,245.04842034319998,on,Nuclei,Mitochondria
Nuclei_Intensity_IntegratedIntensity_PM,5.0826840743881e-248,0.4776529597141422,7.950770087792814e-247,246.09959080484265,on,Nuclei,PM
Nuclei_Intensity_LowerQuartileIntensity_ER,2.923138133171492e-42,0.20035586664894292,6.933219326691951e-42,41.15906506103512,on,Nuclei,ER
Nuclei_Intensity_LowerQuartileIntensity_Hoechst,5.983e-321,0.5707363146023058,1.46965e-319,318.8327867695125,on,Nuclei,Hoechst
Nuclei_Intensity_LowerQuartileIntensity_PM,0.0003275336899563755,0.060382237924056295,0.0003742428422631977,3.4268464971848376,on,Nuclei,PM
Nuclei_Intensity_MADIntensity_Actin,6.67e-322,0.8536354240798887,2.965e-320,319.5279917163497,on,Nuclei,Actin
Nuclei_Intensity_MADIntensity_Hoechst,2.8831664243366424e-72,0.26183608123427676,9.424081297458578e-72,71.02576097607083,on,Nuclei,Hoechst
Nuclei_Intensity_MADIntensity_Mitochondria,6.829462671858388e-90,0.29170947639918043,2.7738917399512936e-89,88.55691049267125,on,Nuclei,Mitochondria
Nuclei_Intensity_MADIntensity_PM,2.7909536283802098e-45,0.20740681554935864,6.94566868880984e-45,44.15828593655265,on,Nuclei,PM
Nuclei_Intensity_MassDisplacement_Actin,3.3131589439278745e-108,0.31961038464534663,1.6366506963613636e-107,106.78604400038648,on,Nuclei,Actin
Nuclei_Intensity_MassDisplacement_ER,2.3379302978464695e-112,0.3255787132014258,1.2094647288859295e-111,110.91740679226577,on,Nuclei,ER
Nuclei_Intensity_MassDisplacement_Hoechst,6.728143143125923e-17,0.12597378644705853,1.0450094669110475e-16,15.980879775190624,on,Nuclei,Hoechst
Nuclei_Intensity_MassDisplacement_Mitochondria,1.892796230675007e-27,0.16122893085322415,3.604542387111535e-27,26.44314986308523,on,Nuclei,Mitochondria
Nuclei_Intensity_MassDisplacement_PM,1.903191577020933e-26,0.158222691869582,3.603449181852314e-26,25.443281598260217,on,Nuclei,PM
Nuclei_Intensity_MaxIntensityEdge_PM,8.653924409053373e-14,0.11348190250050427,1.269113468024122e-13,12.896499547067034,on,Nuclei,PM
Nuclei_Intensity_MinIntensityEdge_Actin,6.83e-321,0.5447561456860187,1.49534e-319,318.8252603153775,on,Nuclei,Actin
Nuclei_Intensity_MinIntensityEdge_Hoechst,5.94276727643303e-305,0.5265729867348615,1.148352382534265e-303,302.93992482421396,on,Nuclei,Hoechst
Nuclei_Intensity_MinIntensity_Mitochondria,5.723694905094216e-25,0.15368082119184534,1.0474839979517827e-24,23.97985260287653,on,Nuclei,Mitochondria
Nuclei_Intensity_MinIntensity_PM,0.00042477386694966395,0.05947349587674892,0.0004845076919894605,3.3146993237482825,on,Nuclei,PM
Nuclei_Intensity_StdIntensityEdge_Actin,6.77e-322,0.8523230988279771,2.965e-320,319.5279917163497,on,Nuclei,Actin
Nuclei_Intensity_StdIntensityEdge_ER,7.182115718842886e-30,0.16826276385871614,1.396050303928928e-29,28.855098932482807,on,Nuclei,ER
Nuclei_Intensity_StdIntensityEdge_Hoechst,3.117395629618194e-241,0.47139190136637626,4.654838474225349e-240,239.33209538470834,on,Nuclei,Hoechst
Nuclei_Intensity_StdIntensityEdge_Mitochondria,8.587704500761427e-17,0.1255684436644715,1.330689117217042e-16,15.875923394898996,on,Nuclei,Mitochondria
Nuclei_Intensity_StdIntensityEdge_PM,0.00018527650202644906,0.06232785128814705,0.00021430750322425535,3.6689626233965957,on,Nuclei,PM
Nuclei_Neighbors_FirstClosestDistance_Adjacent,5.58005187063845e-31,0.17138857416437242,1.1075812927521031e-30,29.955624388176684,on,Nuclei,no-channel
Nuclei_RadialDistribution_FracAtD_Actin_1of4,0.00011890276723118247,0.06380149784875595,0.00013924976483224044,3.856205529598733,on,Nuclei,Actin
Nuclei_RadialDistribution_FracAtD_Actin_2of4,0.000020930248129783286,0.06927122598915876,0.000025139255980379557,4.599647579808259,on,Nuclei,Actin
Nuclei_RadialDistribution_FracAtD_Actin_3of4,0.000906949352502663,0.056738231902460516,0.0010220681382405654,2.9905201501157337,on,Nuclei,Actin
Nuclei_RadialDistribution_FracAtD_Actin_4of4,0.000020553271215226995,0.06932617281071309,0.000024731683495245672,4.606746320039402,on,Nuclei,Actin
Nuclei_RadialDistribution_FracAtD_ER_2of4,2.5721858900568463e-75,0.26725942050058715,8.847780784122242e-75,74.05316564614623,on,Nuclei,ER
Nuclei_RadialDistribution_FracAtD_ER_3of4,9.216965477320355e-159,0.3854606711126403,7.665248504556296e-158,157.11547376091292,on,Nuclei,ER
Nuclei_RadialDistribution_FracAtD_ER_4of4,1.7373535192272496e-132,0.3529490287049554,1.1081954001284495e-131,130.95538365683174,on,Nuclei,ER
Nuclei_RadialDistribution_FracAtD_Hoechst_1of4,4.188443056181257e-30,0.1689280442978556,8.189902047354422e-30,29.08672129244567,on,Nuclei,Hoechst
Nuclei_RadialDistribution_FracAtD_Hoechst_2of4,7.577445564690295e-50,0.2176193261808088,1.9834190183273005e-49,48.702585526781235,on,Nuclei,Hoechst
Nuclei_RadialDistribution_FracAtD_Hoechst_3of4,6.44194170586767e-38,0.18974161237168877,1.4107852335850197e-37,36.85053909465673,on,Nuclei,Hoechst
Nuclei_RadialDistribution_FracAtD_Hoechst_4of4,1.310317839669754e-75,0.2677738571181088,4.554914395042478e-75,74.34151978073488,on,Nuclei,Hoechst
Nuclei_RadialDistribution_FracAtD_Mitochondria_1of4,1.5289539850922983e-25,0.15545799495449011,2.853757864220568e-25,24.544582878696488,on,Nuclei,Mitochondria
Nuclei_RadialDistribution_FracAtD_Mitochondria_2of4,5.676348583118547e-26,0.15677887815386357,1.0655317197453957e-25,24.972433617272774,on,Nuclei,Mitochondria
Nuclei_RadialDistribution_FracAtD_Mitochondria_3of4,5.838591517071232e-16,0.12233953808518565,8.920824713292557e-16,15.049594994068315,on,Nuclei,Mitochondria
Nuclei_RadialDistribution_FracAtD_Mitochondria_4of4,3.130113490193124e-32,0.17484510514998083,6.366825272621927e-32,31.1960770684929,on,Nuclei,Mitochondria
Nuclei_RadialDistribution_FracAtD_PM_1of4,1.925268244047907e-18,0.13173040577947784,3.0776185799013987e-18,17.51178520481266,on,Nuclei,PM
Nuclei_RadialDistribution_FracAtD_PM_2of4,1.896587837022645e-59,0.23761293091464944,5.37094055570637e-59,58.26994965426601,on,Nuclei,PM
Nuclei_RadialDistribution_FracAtD_PM_3of4,1.9432310742734607e-97,0.3035427982952569,8.511352105317758e-97,96.07000144282561,on,Nuclei,PM
Nuclei_RadialDistribution_FracAtD_PM_4of4,2.662287670892704e-6,0.07524899228169116,3.2816566599934454e-6,5.48390685852676,on,Nuclei,PM
Nuclei_RadialDistribution_MeanFrac_Actin_1of4,4.030543784866772e-11,0.10153252843837934,5.6582633902937375e-11,10.247316840143656,on,Nuclei,Actin
Nuclei_RadialDistribution_MeanFrac_Actin_2of4,7.908723265670613e-10,0.09520116695211821,1.0825064969886653e-9,8.965569488417682,on,Nuclei,Actin
Nuclei_RadialDistribution_MeanFrac_Actin_4of4,1.7978615576695755e-12,0.10774823766267898,2.5846718673717965e-12,11.587594584189068,on,Nuclei,Actin
Nuclei_RadialDistribution_MeanFrac_Hoechst_1of4,6.0111457644602236e-36,0.18472105650180862,1.2822476517046646e-35,34.892028087623984,on,Nuclei,Hoechst
Nuclei_RadialDistribution_MeanFrac_Hoechst_2of4,3.2782573114183053e-68,0.25443353666056734,1.0159504969819936e-67,66.99312745289002,on,Nuclei,Hoechst
Nuclei_RadialDistribution_MeanFrac_Hoechst_3of4,4.512194192670791e-27,0.16010456052220434,8.567952556603207e-27,26.067122946992082,on,Nuclei,Hoechst
Nuclei_RadialDistribution_MeanFrac_Hoechst_4of4,2.3281958987744813e-73,0.2637940916250646,7.764592413679361e-73,72.10988133673334,on,Nuclei,Hoechst
Nuclei_RadialDistribution_MeanFrac_Mitochondria_1of4,9.575082895401416e-33,0.17624588918593764,1.9536737460492952e-32,31.709147959614494,on,Nuclei,Mitochondria
Nuclei_RadialDistribution_MeanFrac_Mitochondria_2of4,1.738695931034525e-25,0.15528603619707848,3.226901770309839e-25,24.491214254695784,on,Nuclei,Mitochondria
Nuclei_RadialDistribution_MeanFrac_Mitochondria_3of4,1.3088405950339847e-6,0.07720012432218257,1.6255354838134744e-6,5.789003545850297,on,Nuclei,Mitochondria
Nuclei_RadialDistribution_MeanFrac_Mitochondria_4of4,4.679872637400142e-20,0.137491184114402,7.648448564109188e-20,19.116426649601628,on,Nuclei,Mitochondria
Nuclei_RadialDistribution_MeanFrac_PM_1of4,1.1490875996342556e-69,0.25711593331455385,3.6295699661524325e-69,68.44014482741302,on,Nuclei,PM
Nuclei_RadialDistribution_MeanFrac_PM_2of4,2.367789474107924e-121,0.338108907959515,1.3072585583940387e-120,119.88363850623868,on,Nuclei,PM
Nuclei_RadialDistribution_MeanFrac_PM_3of4,1.7826625477480454e-87,0.28780897189618043,6.930232508109265e-87,86.15925219463855,on,Nuclei,PM
Nuclei_RadialDistribution_MeanFrac_PM_4of4,2.8512498735602823e-34,0.18033554832209042,5.946892593425732e-34,33.225709905204056,on,Nuclei,PM
Nuclei_RadialDistribution_RadialCV_Actin_1of4,4.044585851097235e-95,0.2999605374646945,1.7255148728382362e-94,93.76308129301476,on,Nuclei,Actin
Nuclei_RadialDistribution_RadialCV_Actin_2of4,8.817467728938709e-105,0.31459478758614534,4.228522845191775e-104,103.37381131872911,on,Nuclei,Actin
Nuclei_RadialDistribution_RadialCV_Actin_3of4,2.9705783217230833e-90,0.2922879776514401,1.2197937233575412e-89,88.91371360570383,on,Nuclei,Actin
Nuclei_RadialDistribution_RadialCV_Actin_4of4,5.669927653773718e-63,0.24452399336543124,1.670467474676831e-62,61.777161976000635,on,Nuclei,Actin
Nuclei_RadialDistribution_RadialCV_ER_1of4,5.996237175271838e-106,0.3163169345464184,2.9181687586322946e-105,104.53488959632757,on,Nuclei,ER
Nuclei_RadialDistribution_RadialCV_ER_2of4,8.692984093187668e-124,0.3414153949316796,4.966339608021129e-123,122.30396358585944,on,Nuclei,ER
Nuclei_RadialDistribution_RadialCV_ER_3of4,4.640904690137846e-99,0.3060197242293408,2.0742002594697722e-98,97.68314931574635,on,Nuclei,ER
Nuclei_RadialDistribution_RadialCV_ER_4of4,4.903505168111937e-21,0.14087053361121868,8.135360847094806e-21,20.08962317899922,on,Nuclei,ER
Nuclei_RadialDistribution_RadialCV_Hoechst_1of4,2.624314390980356e-60,0.2393161224211985,7.529146527834472e-60,59.12325425079256,on,Nuclei,Hoechst
Nuclei_RadialDistribution_RadialCV_Hoechst_2of4,1.1508385156377508e-87,0.2881172979472603,4.5006006236547755e-87,86.34672952397295,on,Nuclei,Hoechst
Nuclei_RadialDistribution_RadialCV_Hoechst_3of4,5.004476286021128e-7,0.07976566900194658,6.335146281148134e-7,6.198243352625531,on,Nuclei,Hoechst
Nuclei_RadialDistribution_RadialCV_Hoechst_4of4,1.296891176481086e-12,0.10838048602423195,1.8685471555878806e-12,11.728495937603912,on,Nuclei,Hoechst
Nuclei_RadialDistribution_RadialCV_Mitochondria_1of4,3.410506916049006e-73,0.26349760273496003,1.1316682039617157e-72,71.94628088614293,on,Nuclei,Mitochondria
Nuclei_RadialDistribution_RadialCV_Mitochondria_2of4,1.4336781896581515e-46,0.21034211154796634,3.6367821258895966e-46,45.43928271609077,on,Nuclei,Mitochondria
Nuclei_RadialDistribution_RadialCV_Mitochondria_3of4,5.130738078589187e-13,0.11015470049663288,7.47426811005121e-13,12.126431327595911,on,Nuclei,Mitochondria
Nuclei_RadialDistribution_RadialCV_Mitochondria_4of4,1.130246751123876e-6,0.07759722908057731,1.4090552476060467e-6,5.851071978317148,on,Nuclei,Mitochondria
Nuclei_RadialDistribution_RadialCV_PM_1of4,1.480167764962551e-141,0.36453976878185534,1.045666904925157e-140,139.98060663706653,on,Nuclei,PM
Nuclei_RadialDistribution_RadialCV_PM_2of4,2.173911164506484e-256,0.48523914024460374,3.483560085562829e-255,254.4579766942141,on,Nuclei,PM
Nuclei_RadialDistribution_RadialCV_PM_3of4,4.37082207717241e-65,0.24857302224634445,1.317261515918474e-64,63.88032799599831,on,Nuclei,PM
Nuclei_RadialDistribution_RadialCV_PM_4of4,0.0001431713269922331,0.06318860484501397,0.00016619003857579003,3.779395011365503,on,Nuclei,PM
Nuclei_Texture_AngularSecondMoment_ER_3_01_256,7.515889087143635e-69,0.25561509327602866,2.362650301556636e-68,67.62660055401008,on,Nuclei,ER
Nuclei_Texture_AngularSecondMoment_Hoechst_3_00_256,3.4426358973611384e-89,0.29057838767949895,1.3625372196182337e-88,87.86565162552542,on,Nuclei,Hoechst
Nuclei_Texture_AngularSecondMoment_Mitochondria_3_03_256,8.019827074541302e-99,0.305656531337524,3.560152964847051e-98,97.44853134181312,on,Nuclei,Mitochondria
Nuclei_Texture_AngularSecondMoment_PM_3_03_256,3.7077467758695163e-65,0.2487079498852995,1.1225758671641809e-64,63.94978429836263,on,Nuclei,PM
Nuclei_Texture_Contrast_ER_3_00_256,1.2054276153986128e-71,0.2607160298673966,3.901310065600437e-71,70.40878953176255,on,Nuclei,ER
Nuclei_Texture_Contrast_ER_3_01_256,1.3022580241947096e-76,0.26952839630942915,4.5509761802974696e-76,75.34189543757478,on,Nuclei,ER
Nuclei_Texture_Contrast_ER_3_02_256,4.633858591828895e-75,0.2668100882684297,1.58564848689145e-74,73.7997930825438,on,Nuclei,ER
Nuclei_Texture_Contrast_ER_3_03_256,5.405987562546758e-80,0.27535667845423956,1.9731854603295668e-79,78.70483209335275,on,Nuclei,ER
Nuclei_Texture_Contrast_Hoechst_3_02_256,6.471159086171974e-159,0.3856435072612185,5.4507070764294704e-158,157.2635471565356,on,Nuclei,Hoechst
Nuclei_Texture_Contrast_Mitochondria_3_01_256,2.2363908615860817e-51,0.22093205165673066,5.924632242185708e-51,50.22733860230457,on,Nuclei,Mitochondria
Nuclei_Texture_Contrast_Mitochondria_3_03_256,4.096948821008369e-54,0.22673234051545077,1.13573644531751e-53,52.9447224376601,on,Nuclei,Mitochondria
Nuclei_Texture_Contrast_PM_3_00_256,6.277779781163214e-66,0.2501682396494025,1.909491350103811e-65,64.71908230461754,on,Nuclei,PM
Nuclei_Texture_Contrast_PM_3_01_256,7.993793524120971e-90,0.2915995827560718,3.2220382486794345e-89,88.49186930839481,on,Nuclei,PM
Nuclei_Texture_Contrast_PM_3_02_256,3.541210606815709e-74,0.26524846280868,1.193115573680985e-73,72.9233174854321,on,Nuclei,PM
Nuclei_Texture_Contrast_PM_3_03_256,3.434964367848643e-93,0.296944460840512,1.4466484549208708e-92,91.83963699247246,on,Nuclei,PM
Nuclei_Texture_Correlation_Actin_3_00_256,7.587493412999207e-131,0.3508031433740932,4.793253050327384e-130,129.3193696426836,on,Nuclei,Actin
Nuclei_Texture_Correlation_Actin_3_01_256,1.3307312388575858e-108,0.3201860065881799,6.623412302495712e-108,107.17891820960274,on,Nuclei,Actin
Nuclei_Texture_Correlation_Actin_3_02_256,1.0092412726116474e-101,0.3100450787883034,4.669517719055298e-101,100.33072797227521,on,Nuclei,Actin
Nuclei_Texture_Correlation_Actin_3_03_256,3.307269107182509e-71,0.2599226201587811,1.0599394163019067e-70,69.9747189572991,on,Nuclei,Actin
Nuclei_Texture_Correlation_ER_3_00_256,1.9602297264684944e-33,0.17810392355497456,4.037212947616931e-33,32.39391834260457,on,Nuclei,ER
Nuclei_Texture_Correlation_ER_3_01_256,2.508714713041686e-25,0.15479391422761166,4.629847096821314e-25,24.33443335155295,on,Nuclei,ER
Nuclei_Texture_Correlation_ER_3_02_256,6.384617117167013e-22,0.14385549769743225,1.0839001152399813e-21,20.965010737538233,on,Nuclei,ER
Nuclei_Texture_Correlation_ER_3_03_256,3.018573306177503e-21,0.14158684181185985,5.046317206510482e-21,20.297025453638643,on,Nuclei,ER
Nuclei_Texture_Correlation_Hoechst_3_00_256,1.4241262128452742e-67,0.25324998052467096,4.372200569342735e-67,66.35929992353825,on,Nuclei,Hoechst
Nuclei_Texture_Correlation_Hoechst_3_01_256,1.8148476038091577e-60,0.2396317267266619,5.229626647818494e-60,59.28152931506771,on,Nuclei,Hoechst
Nuclei_Texture_Correlation_Hoechst_3_02_256,4.028713904791703e-44,0.20472953766768578,9.803203834993145e-44,43.008631967116976,on,Nuclei,Hoechst
Nuclei_Texture_Correlation_Hoechst_3_03_256,5.688176763995095e-43,0.2020381831621504,1.3589571396162827e-42,41.86679424034011,on,Nuclei,Hoechst
Nuclei_Texture_Correlation_Mitochondria_3_00_256,7.308459101215224e-36,0.18450134919640873,1.5539345079282854e-35,34.80856728891008,on,Nuclei,Mitochondria
Nuclei_Texture_Correlation_Mitochondria_3_01_256,6.580301468890925e-38,0.18971881783872957,1.4362983604854943e-37,36.8427553352656,on,Nuclei,Mitochondria
Nuclei_Texture_Correlation_Mitochondria_3_02_256,1.695845878071448e-23,0.14901825946065095,2.971121978381177e-23,22.527079518021168,on,Nuclei,Mitochondria
Nuclei_Texture_Correlation_Mitochondria_3_03_256,1.22362890624447e-24,0.1526477889542972,2.214667193946603e-24,23.654691527541114,on,Nuclei,Mitochondria
Nuclei_Texture_Correlation_PM_3_00_256,2.0736916710575985e-188,0.4187555656651309,2.03345586251469e-187,186.69176524980196,on,Nuclei,PM
Nuclei_Texture_Correlation_PM_3_01_256,7.611775680150788e-142,0.364903921443481,5.556596246510076e-141,140.25519115878112,on,Nuclei,PM
Nuclei_Texture_Correlation_PM_3_02_256,1.8484611079132775e-150,0.37553169247887586,1.481023107193931e-149,148.82943816548382,on,Nuclei,PM
Nuclei_Texture_Correlation_PM_3_03_256,2.3052398217200486e-114,0.32841723241097853,1.2116340502960576e-113,112.91662853028149,on,Nuclei,PM
Nuclei_Texture_DifferenceEntropy_ER_3_01_256,1.3166635820859094e-80,0.2764009080062238,4.8326702426281705e-80,79.31581283794468,on,Nuclei,ER
Nuclei_Texture_DifferenceEntropy_ER_3_03_256,8.033142487015304e-83,0.2801317731955168,3.015871207982317e-82,81.52058720884233,on,Nuclei,ER
Nuclei_Texture_DifferenceEntropy_Mitochondria_3_03_256,3.1596481945204595e-62,0.2430795398031736,9.267360999106883e-62,61.033043919220546,on,Nuclei,Mitochondria
Nuclei_Texture_DifferenceEntropy_PM_3_00_256,2.6823611654041723e-71,0.2600893801630617,8.638780812110496e-71,70.06354754501348,on,Nuclei,PM
Nuclei_Texture_DifferenceVariance_Actin_3_01_256,6.77e-322,0.852541606421116,2.965e-320,319.5279917163497,on,Nuclei,Actin
Nuclei_Texture_DifferenceVariance_Mitochondria_3_03_256,7.666048564674167e-68,0.25374794109380805,2.3645980783994968e-67,66.62624266768182,on,Nuclei,Mitochondria
Nuclei_Texture_DifferenceVariance_PM_3_03_256,3.0126311806666868e-92,0.2954580973299364,1.2606997998076517e-91,90.89938831612982,on,Nuclei,PM
Nuclei_Texture_InfoMeas1_ER_3_00_256,5.184338591506766e-7,0.0796728912537617,6.537640028061315e-7,6.1845789959811786,on,Nuclei,ER
Nuclei_Texture_InfoMeas1_ER_3_01_256,0.00032487759191231864,0.06041047115259876,0.0003718546653073055,3.429626765461937,on,Nuclei,ER
Nuclei_Texture_InfoMeas1_ER_3_02_256,0.005838563715679216,0.04938543539717434,0.006371987310965523,2.1957250977144622,on,Nuclei,ER
Nuclei_Texture_InfoMeas1_ER_3_03_256,0.000012472340305661677,0.07081949465240257,0.00001509084269027573,4.821286508036321,on,Nuclei,ER
Nuclei_Texture_InfoMeas1_Hoechst_3_00_256,0.001346119475700316,0.05526074626261637,0.0015066447964822956,2.821989124002966,on,Nuclei,Hoechst
Nuclei_Texture_InfoMeas1_Hoechst_3_01_256,9.524605203286687e-9,0.08956315917190422,1.2515331237118707e-8,7.9025576516451155,on,Nuclei,Hoechst
Nuclei_Texture_InfoMeas1_Hoechst_3_02_256,0.023842894846022637,0.043005125650663945,0.025471190103799793,1.5939507627930278,on,Nuclei,Hoechst
Nuclei_Texture_InfoMeas1_Hoechst_3_03_256,9.105126234553225e-10,0.09489092136142067,1.243673167588663e-9,8.905293735531012,on,Nuclei,Hoechst
Nuclei_Texture_InfoMeas1_Mitochondria_3_00_256,0.0001661492533454728,0.0626930437003989,0.00019252215070189707,3.7155192953805662,on,Nuclei,Mitochondria
Nuclei_Texture_InfoMeas1_Mitochondria_3_01_256,1.2707635211574974e-6,0.07728002515876592,1.581234154167568e-6,5.8010038136015725,on,Nuclei,Mitochondria
Nuclei_Texture_InfoMeas1_Mitochondria_3_02_256,8.690060179870213e-14,0.1134742243420338,1.2715745073885813e-13,12.895658187435028,on,Nuclei,Mitochondria
Nuclei_Texture_InfoMeas1_Mitochondria_3_03_256,2.1729727905604973e-11,0.10279750504638967,3.0636118527859374e-11,10.513766258906065,on,Nuclei,Mitochondria
Nuclei_Texture_InfoMeas1_PM_3_00_256,1.6778383665746389e-133,0.3542643932279282,1.0914255513262751e-132,131.96200588318058,on,Nuclei,PM
Nuclei_Texture_InfoMeas1_PM_3_01_256,7.647757908945103e-97,0.30262693795520085,3.305642727747982e-96,95.48074408656377,on,Nuclei,PM
Nuclei_Texture_InfoMeas1_PM_3_02_256,1.8195534483192375e-101,0.3096608509415102,8.301712607956522e-101,100.08083230527922,on,Nuclei,PM
Nuclei_Texture_InfoMeas1_PM_3_03_256,2.550303886009379e-78,0.2724884863614311,9.106248114718271e-78,77.04066052079862,on,Nuclei,PM
Nuclei_Texture_InfoMeas2_ER_3_01_256,9.288182323260888e-21,0.13992196111684574,1.5371122887613108e-20,19.813294405364186,on,Nuclei,ER
Nuclei_Texture_InfoMeas2_ER_3_03_256,1.534818313725854e-17,0.1283994446771886,2.4066244203290838e-17,16.618591680770106,on,Nuclei,ER
Nuclei_Texture_InfoMeas2_Hoechst_3_01_256,3.825528017360839e-25,0.1542254105775271,7.020591920128691e-25,24.15362627009122,on,Nuclei,Hoechst
Nuclei_Texture_InfoMeas2_Hoechst_3_03_256,1.1009365950191624e-23,0.14962091491976565,1.9496370429315084e-23,22.710046232188166,on,Nuclei,Hoechst
Nuclei_Texture_InfoMeas2_PM_3_01_256,2.1428847880017867e-129,0.3488988001117812,1.315771313754368e-128,127.88081958625772,on,Nuclei,PM
Nuclei_Texture_InfoMeas2_PM_3_03_256,8.81918066100336e-111,0.3233242139205333,4.457078226368621e-110,109.35094974352609,on,Nuclei,PM
Nuclei_Texture_InverseDifferenceMoment_Actin_3_02_256,6.7e-322,0.8527274018599379,2.965e-320,319.5279917163497,on,Nuclei,Actin
Nuclei_Texture_InverseDifferenceMoment_ER_3_01_256,2.5058061829365627e-78,0.272503042870198,8.996254984641102e-78,77.04593824367068,on,Nuclei,ER
Nuclei_Texture_InverseDifferenceMoment_ER_3_03_256,8.742909325187747e-85,0.2833976299124418,3.301201969338132e-84,83.48132790448342,on,Nuclei,ER
Nuclei_Texture_InverseDifferenceMoment_Mitochondria_3_03_256,6.923180696313664e-100,0.30727310361882804,3.136917046536605e-99,98.50349696574845,on,Nuclei,Mitochondria
Nuclei_Texture_InverseDifferenceMoment_PM_3_01_256,1.9862096522898814e-41,0.19836762350917755,4.5787359352787793e-41,40.33925440236839,on,Nuclei,PM
Nuclei_Texture_InverseDifferenceMoment_PM_3_03_256,3.6486227191663696e-40,0.19530659766561587,8.209401118124331e-40,39.08568852382825,on,Nuclei,PM
Nuclei_Texture_SumEntropy_PM_3_01_256,8.35011389953506e-140,0.36233573739674274,5.7747629810468786e-139,138.23846583622125,on,Nuclei,PM
Nuclei_Texture_SumVariance_ER_3_03_256,1.0972724069630766e-53,0.2258354356291187,3.0290250898098377e-53,52.518697129334406,on,Nuclei,ER
Nuclei_Texture_SumVariance_Hoechst_3_03_256,1.7753616987457615e-74,0.26577713601169894,6.012436268432811e-74,73.22094951409663,on,Nuclei,Hoechst
Nuclei_Texture_SumVariance_Mitochondria_3_01_256,8.882508766678635e-51,0.21964108128306506,2.3436980962682185e-50,49.6300983327432,on,Nuclei,Mitochondria
Nuclei_Texture_SumVariance_PM_3_01_256,1.496896089051541e-168,0.3968101090634422,1.3851559584603697e-167,166.8585013254547,on,Nuclei,PM
